0
1
2
3
4
5
6
7
8
9
10
11
12
13
14
15
16
17
18
19
20
21
22
23
24
25
26
27
28
29
30
31
32
33
34
35
36
37
38
39
40
41
42
43
44
45
46
47
48
49
50
51
52
53
54
55
56
57
58
59
60
61
62
63
64
65
66
67
68
69
70
71
72
73
74
75
76
77
78
79
80
81
82
83
84
85
86
87
88
89
90
91
92
93
94
95
96
97
98
99
100
101
102
103
104
105
106
107
108
109
110
111
112
113
114
115
116
117
118
119
120
121
122
123
127
128
129
135
138
139
140
146
147
156
157
158
166
167
172
197
198
220
222
223
224
225
226
227
228
229
230
231
232
233
234
235
236
237
238
239
240
241
242
243
244
245
246
247
248
249
250
251
252
253
254
255
256
257
258
259
260
261
262
263
264
265
266
267
268
269
270
271
272
273
274
275
276
277
278
279
280
281
282
283
284
285
286
287
288
289
290
291
292
293
294
295
296
297
298
299
300
301
302
303
304
305
306
307
308
309
310
311
312
313
314
315
316
318
319
320
321
322
323
324
325
326
327
328
329
330
331
332
333
334
335
336
337
338
339
340
341
342
343
344
345
346
347
348
349
350
351
352
353
354
355
356
357
358
359
360
361
362
363
364
365
366
367
368
369
370
371
372
373
374
375
376
377
378
379
380
381
382
383
384
385
386
387
388
389
390
391
392
393
394
395
396
397
398
400
401
402
403
404
405
406
407
408
409
410
411
412
413
414
415
416
417
418
419
420
421
422
423
424
425
426
427
428
429
430
431
432
433
434
435
436
437
438
439
440
441
442
443
444
445
446
447
448
449
450
451
452
453
454
455
456
457
458
459
460
461
462
463
464
465
466
467
468
469
470
471
472
473
474
475
476
477
478
479
480
481
482
483
484
485
486
487
488
489
490
491
492
493
494
495
496
497
498
499
500
501
502
503
504
505
506
507
508
509
510
511
512
513
514
515
516
517
518
519
520
521
522
523
524
525
526
527
528
529
530
531
532
533
534
535
536
537
538
539
540
541
542
543
544
545
547
548
549
550
551
552
553
554
556
557
558
559
560
561
562
563
564
565
566
567
568
569
570
571
572
573
574
575
576
577
578
579
580
581
582
584
585
586
587
588
589
590
591
592
593
594
595
596
597
598
599
600
601
602
603
604
605
606
607
608
609
610
611
612
613
614
615
616
617
619
620
621
622
623
624
625
626
627
628
629
630
631
632
633
634
635
636
637
638
639
640
641
642
643
644
645
646
647
648
649
650
651
652
653
654
656
657
658
659
660
661
662
663
664
665
666
667
668
669
670
671
672
673
674
675
676
677
678
679
680
681
682
683
684
685
686
687
688
689
690
691
692
693
694
695
696
697
698
699
700
701
702
703
704
705
706
707
708
709
710
711
712
713
714
715
716
717
718
719
720
721
722
723
724
725
726
727
728
729
730
731
732
733
734
735
736
737
738
739
740
741
742
743
744
745
746
747
748
749
750
751
752
753
754
755
756
757
758
759
760
761
762
763
764
765
766
767
768
769
770
771
772
773
775
776
777
778
779
780
781
782
783
784
785
786
787
788
789
790
791
792
793
794
795
796
797
798
799
800
801
802
803
804
805
806
807
808
809
810
811
812
813
814
815
816
818
819
821
822
823
824
825
826
827
828
829
830
831
832
833
834
835
836
837
838
839
840
841
842
843
844
846
847
848
849
850
851
852
853
854
855
856
857
858
859
860
861
862
863
864
865
866
867
868
869
870
871
872
873
874
875
876
877
878
879
880
881
882
883
884
885
886
887
888
889
890
891
892
893
894
895
896
897
898
899
900
901
902
903
904
905
906
907
908
909
910
911
912
913
914
915
916
917
918
919
920
922
923
924
925
926
927
928
930
931
932
933
935
936
937
938
939
940
941
942
943
944
945
946
947
948
949
950
951
952
954
955
956
957
958
959
960
961
962
963
964
965
966
967
969
970
971
972
973
974
975
976
977
978
979
980
981
982
983
984
985
986
987
988
989
991
992
993
994
995
996
997
998
999
1000
1001
1002
1003
1004
1005
1006
1007
1008
1009
1010
1011
1012
1014
1015
1016
1017
1018
1019
1020
1021
1022
1024
1025
1026
1027
1028
1029
1030
1031
1032
1033
1034
1035
1037
1038
1039
1040
1041
1042
1043
1044
1045
1046
1047
1048
1049
1050
1051
1052
1053
1054
1055
1056
1057
1058
1059
1060
1061
1062
1063
1064
1065
1066
1067
1068
1069
1070
1071
1072
1073
1074
1075
1076
1077
1078
1079
1080
1081
1082
1083
1084
1085
1086
1088
1089
1090
1091
1092
1093
1094
1095
1097
1098
1099
1100
1101
1102
1103
1104
1105
1106
1107
1109
1110
1112
1113
1114
1115
1116
1117
1118
1119
1120
1121
1122
1123
1124
1125
1126
1128
1129
1130
1131
1132
1133
1134
1135
1136
1137
1138
1139
1140
1141
1142
1143
1144
1145
1146
1147
1148
1149
1150
1151
1152
1153
1154
1155
1156
1157
1158
1159
1160
1161
1162
1163
1164
1165
1167
1168
1170
1171
1172
1173
1174
1175
1176
1178
1179
1180
1181
1182
1183
1184
1185
1186
1187
1188
1189
1190
1191
1192
1193
1194
1195
1196
1197
1198
1199
1200
1201
1202
1203
1204
1205
1206
1207
1208
1209
1210
1211
1212
1213
1214
1216
1217
1218
1219
1220
1221
1222
1223
1224
1225
1226
1227
1228
1230
1231
1234
1235
1236
1237
1238
1239
1240
1242
1243
1244
1245
1246
1247
1248
1249
1250
1251
1252
1253
1254
1255
1256
1257
1258
1259
1260
1261
1262
1264
1265
1266
1267
1268
1269
1270
1271
1272
1273
1274
1275
1276
1277
1278
1280
1281
1282
1283
1284
1285
1286
1287
1288
1289
1290
1291
1292
1293
1294
1295
1296
1297
1298
1299
1300
1301
1302
1303
1304
1305
1306
1307
1308
1310
1311
1312
1313
1314
1315
1316
1318
1319
1320
1321
1322
1323
1324
1325
1326
1327
1328
1330
1331
1332
1333
1334
1335
1336
1338
1339
1340
1341
1342
1343
1344
1345
1346
1347
1348
1349
1350
1351
1352
1353
1354
1355
1356
1357
1358
1360
1361
1362
1363
1364
1365
1366
1367
1368
1369
1370
1371
1372
1373
1374
1375
1376
1378
1379
1380
1381
1382
1383
1384
1385
1386
1387
1388
1390
1391
1392
1393
1394
1395
1396
1399
1401
1402
1403
1404
1405
1406
1407
1408
1409
1410
1411
1412
1413
1414
1416
1417
1418
1419
1420
1421
1422
1423
1424
1425
1426
1427
1428
1429
1430
1432
1433
1434
1435
1436
1437
1438
1439
1440
1441
1442
1443
1445
1446
1447
1448
1449
1450
1452
1453
1454
1455
1456
1457
1458
1459
1460
1461
1462
1463
1464
1465
1466
1467
1468
1469
1470
1471
1472
1473
1474
1475
1476
1477
1478
1479
1481
1482
1483
1484
1485
1487
1488
1489
1493
1494
1495
1496
1497
1498
1499
1500
1501
1502
1503
1505
1506
1507
1508
1509
1510
1511
1512
1513
1514
1515
1516
1518
1519
1520
1521
1523
1524
1525
1526
1527
1528
1529
1530
1531
1532
1533
1534
1535
1536
1537
1538
1539
1540
1541
1542
1543
1544
1545
1546
1547
1548
1549
1550
1551
1552
1554
1555
1556
1557
1558
1559
1560
1561
1562
1563
1564
1565
1566
1567
1568
1569
1570
1572
1573
1574
1575
1576
1577
1578
1579
1580
1581
1582
1583
1584
1585
1586
1587
1588
1589
1590
1591
1592
1593
1594
1595
1596
1597
1599
1600
1601
1602
1603
1605
1606
1607
1608
1609
1610
1611
1612
1616
1617
1618
1619
1620
1622
1623
1625
1626
1627
1628
1629
1630
1631
1632
1633
1634
1635
1636
1637
1638
1639
1640
1641
1642
1643
1644
1645
1646
1647
1648
1650
1652
1653
1654
1655
1656
1657
1658
1659
1660
1661
1662
1663
1664
1665
1666
1667
1668
1669
1670
1671
1672
1673
1674
1675
1676
1678
1679
1680
1681
1682
1683
1684
1685
1686
1687
1688
1689
1690
1691
1692
1693
1694
1695
1696
1697
1698
1699
1700
1701
1702
1703
1704
1705
1706
1707
1708
1709
1710
1712
1713
1714
1715
1716
1718
1719
1720
1721
1722
1723
1724
1725
1726
1727
1728
1729
1730
1731
1732
1733
1734
1736
1737
1738
1739
1741
1742
1743
1744
1745
1746
1747
1748
1749
1750
1752
1753
1754
1755
1756
1757
1760
1761
1762
1763
1764
1765
1766
1767
1768
1769
1770
1771
1772
1773
1774
1776
1777
1778
1779
1780
1781
1782
1783
1784
1785
1786
1787
1788
1789
1790
1791
1792
1793
1794
1795
1796
1797
1798
1799
1801
1802
1803
1804
1805
1806
1807
1808
1809
1810
1811
1812
1813
1814
1815
1816
1817
1818
1820
1821
1822
1824
1825
1826
1827
1828
1829
1830
1831
1832
1833
1834
1835
1836
1837
1838
1839
1840
1841
1842
1844
1845
1846
1847
1848
1849
1850
1851
1852
1853
1854
1855
1856
1857
1858
1859
1860
1861
1862
1863
1864
1865
1866
1867
1868
1869
1870
1871
1872
1873
1874
1875
1876
1877
1878
1879
1880
1881
1882
1883
1884
1885
1886
1887
1888
1889
1890
1891
1892
1894
1896
1897
1898
1899
1900
1901
1902
1904
1905
1906
1908
1910
1911
1912
1916
1917
1918
1919
1920
1921
1923
1924
1925
1926
1927
1928
1929
1930
1931
1932
1934
1936
1937
1938
1940
1941
1942
1943
1944
1945
1946
1947
1948
1949
1950
1951
1953
1954
1955
1956
1957
1958
1959
1960
1962
1964
1965
1966
1967
1968
1969
1970
1971
1972
1973
1975
1977
1979
1980
1981
1982
1983
1984
1985
1986
1987
1988
1989
1990
1992
1993
1994
1996
1998
1999
2000
2001
2002
2003
2004
2005
2006
2007
2008
2009
2010
2011
2012
2014
2015
2016
2017
2018
2019
2020
2021
2022
2023
2024
2025
2027
2028
2029
2031
2032
2033
2034
2036
2037
2038
2039
2040
2041
2042
2043
2044
2045
2046
2047
2048
2050
2051
2052
2053
2054
2056
2057
2058
2059
2060
2061
2062
2063
2064
2065
2068
2069
2070
2072
2073
2074
2075
2076
2077
2078
2080
2081
2082
2083
2084
2085
2086
2087
2088
2089
2090
2091
2092
2093
2094
2095
2096
2098
2099
2100
2101
2102
2103
2104
2105
2106
2107
2108
2109
2110
2112
2113
2114
2115
2116
2117
2119
2120
2121
2123
2124
2126
2127
2128
2129
2131
2132
2133
2134
2135
2136
2137
2138
2139
2140
2141
2142
2143
2144
2145
2146
2147
2148
2149
2150
2152
2153
2154
2155
2156
2158
2159
2160
2162
2163
2164
2166
2167
2168
2169
2170
2171
2172
2173
2174
2175
2176
2177
2178
2179
2180
2181
2182
2184
2185
2186
2187
2188
2189
2190
2191
2192
2193
2194
2195
2196
2197
2198
2199
2200
2201
2202
2203
2204
2205
2206
2208
2209
2210
2211
2212
2213
2215
2216
2217
2218
2220
2221
2222
2224
2225
2226
2227
2228
2229
2230
2231
2232
2233
2234
2235
2236
2237
2238
2239
2240
2241
2243
2244
2246
2247
2248
2249
2250
2251
2252
2253
2254
2255
2256
2257
2258
2259
2260
2261
2262
2263
2264
2266
2267
2270
2271
2272
2275
2276
2277
2278
2279
2280
2282
2283
2285
2286
2287
2288
2289
2290
2291
2294
2295
2297
2298
2299
2301
2302
2303
2304
2305
2306
2307
2308
2309
2311
2312
2313
2314
2315
2316
2318
2319
2320
2321
2322
2323
2324
2325
2327
2328
2329
2330
2331
2332
2333
2334
2335
2336
2337
2338
2339
2340
2341
2342
2343
2344
2346
2347
2348
2349
2350
2353
2354
2355
2356
2357
2358
2359
2360
2361
2362
2364
2366
2367
2368
2369
2371
2372
2373
2374
2376
2378
2379
2380
2381
2382
2383
2384
2385
2386
2387
2388
2390
2391
2392
2393
2394
2395
2396
2397
2399
2400
2402
2403
2404
2405
2406
2407
2408
2410
2412
2413
2414
2416
2418
2420
2421
2422
2423
2424
2425
2426
2427
2428
2429
2430
2432
2433
2434
2435
2437
2438
2439
2440
2441
2442
2443
2444
2445
2446
2447
2448
2450
2452
2454
2456
2458
2459
2460
2462
2463
2464
2465
2466
2467
2468
2469
2470
2471
2472
2473
2475
2476
2477
2478
2479
2480
2481
2482
2483
2484
2485
2486
2487
2488
2490
2491
2492
2493
2495
2496
2497
2499
2500
2501
2502
2503
2504
2505
2506
2507
2508
2510
2511
2512
2513
2515
2516
2517
2518
2519
2521
2522
2523
2525
2526
2527
2528
2530
2531
2532
2533
2534
2535
2536
2537
2538
2540
2541
2542
2543
2544
2545
2547
2548
2549
2550
2551
2552
2553
2554
2556
2557
2558
2559
2560
2561
2562
2563
2564
2565
2568
2569
2570
2571
2572
2573
2574
2575
2577
2578
2579
2580
2581
2582
2583
2585
2586
2587
2588
2589
2590
2592
2594
2595
2597
2598
2599
2600
2601
2602
2603
2604
2605
2607
2608
2609
2610
2611
2612
2614
2615
2617
2619
2621
2622
2623
2624
2626
2627
2628
2629
2630
2631
2632
2633
2634
2636
2639
2640
2641
2642
2643
2644
2645
2646
2647
2648
2649
2651
2652
2653
2654
2655
2656
2658
2659
2660
2661
2662
2663
2664
2665
2666
2669
2670
2673
2674
2675
2676
2677
2678
2679
2680
2681
2682
2683
2684
2685
2686
2688
2689
2691
2692
2694
2695
2696
2697
2699
2700
2701
2702
2703
2704
2705
2706
2707
2708
2709
2710
2711
2712
2713
2714
2715
2716
2717
2718
2719
2720
2721
2722
2723
2724
2725
2726
2727
2730
2731
2732
2733
2734
2736
2737
2738
2739
2741
2742
2743
2744
2746
2747
2748
2749
2750
2751
2752
2754
2755
2756
2757
2758
2759
2762
2763
2764
2765
2766
2767
2768
2769
2770
2771
2772
2773
2774
2775
2776
2777
2779
2780
2781
2782
2783
2784
2785
2786
2787
2788
2789
2790
2791
2792
2793
2794
2795
2796
2797
2798
2799
2800
2801
2802
2803
2804
2805
2806
2807
2808
2809
2811
2812
2814
2815
2816
2817
2818
2820
2821
2822
2823
2824
2825
2826
2827
2829
2830
2831
2833
2834
2835
2836
2837
2838
2839
2840
2841
2842
2843
2844
2845
2846
2847
2848
2849
2850
2852
2854
2855
2856
2857
2858
2859
2860
2861
2862
2864
2865
2866
2867
2868
2869
2870
2871
2872
2873
2874
2875
2876
2877
2878
2879
2880
2881
2884
2885
2887
2890
2891
2892
2893
2894
2895
2896
2897
2898
2899
2900
2901
2902
2903
2904
2905
2906
2907
2908
2909
2910
2911
2912
2913
2914
2915
2916
2918
2919
2921
2922
2923
2924
2925
2926
2928
2929
2930
2931
2932
2933
2934
2935
2936
2937
2938
2939
2940
2941
2942
2943
2944
2945
2946
2947
2948
2949
2950
2951
2952
2953
2954
2955
2956
2957
2958
2959
2960
2961
2962
2963
2964
2965
2966
2967
2968
2969
2970
2971
2972
2973
2974
2975
2977
2978
2979
2980
2981
2982
2983
2984
2985
2986
2987
2989
2990
2991
2992
2993
2994
2995
2996
2997
2998
2999
3000
3001
3002
3004
3005
3006
3007
3008
3009
3010
3012
3014
3015
3016
3017
3018
3019
3021
3022
3023
3024
3026
3028
3029
3031
3032
3033
3034
3035
3036
3037
3038
3039
3040
3041
3042
3043
3044
3045
3046
3047
3048
3049
3050
3051
3052
3053
3054
3055
3056
3057
3058
3059
3060
3061
3062
3063
3065
3066
3067
3069
3070
3071
3072
3074
3075
3076
3077
3078
3079
3081
3082
3083
3084
3085
3086
3087
3088
3089
3090
3091
3092
3095
3096
3097
3099
3101
3102
3104
3105
3106
3107
3108
3109
3110
3111
3112
3113
3114
3117
3118
3120
3122
3123
3124
3125
3126
3127
3129
3130
3131
3132
3133
3134
3135
3136
3137
3138
3139
3140
3141
3143
3144
3145
3146
3147
3148
3149
3150
3151
3152
3153
3154
3155
3156
3157
3158
3160
3161
3162
3163
3164
3165
3166
3167
3168
3170
3171
3172
3173
3174
3175
3176
3177
3179
3180
3181
3182
3184
3185
3186
3187
3188
3189
3190
3191
3192
3193
3194
3195
3196
3197
3198
3199
3200
3201
3202
3203
3204
3205
3207
3208
3212
3213
3214
3215
3216
3217
3218
3219
3221
3222
3223
3224
3225
3226
3227
3228
3232
3233
3234
3235
3237
3238
3239
3240
3241
3242
3244
3245
3246
3247
3248
3250
3252
3253
3254
3255
3256
3258
3260
3262
3264
3265
3267
3268
3269
3270
3271
3272
3273
3274
3275
3276
3277
3278
3280
3281
3282
3283
3284
3285
3286
3287
3288
3289
3290
3291
3292
3294
3295
3296
3297
3299
3300
3301
3302
3304
3305
3306
3307
3308
3309
3310
3311
3312
3313
3314
3315
3316
3317
3318
3319
3320
3321
3322
3323
3324
3325
3326
3328
3329
3330
3331
3332
3334
3335
3336
3337
3339
3340
3342
3343
3344
3346
3347
3348
3349
3350
3351
3354
3355
3356
3357
3358
3359
3360
3361
3362
3363
3364
3365
3366
3367
3369
3370
3371
3372
3373
3374
3375
3376
3377
3378
3379
3380
3381
3382
3383
3384
3385
3386
3387
3388
3389
3390
3391
3392
3393
3394
3395
3396
3397
3399
3400
3401
3402
3403
3404
3405
3406
3407
3408
3409
3411
3412
3414
3415
3417
3418
3419
3420
3421
3422
3423
3425
3426
3427
3428
3429
3430
3431
3433
3434
3435
3436
3437
3438
3439
3440
3442
3443
3444
3445
3446
3447
3449
3451
3452
3455
3456
3458
3459
3460
3461
3462
3463
3464
3465
3466
3467
3468
3469
3470
3471
3472
3473
3476
3477
3478
3479
3480
3481
3482
3486
3487
3488
3489
3490
3491
3492
3493
3494
3495
3496
3497
3498
3499
3500
3501
3502
3503
3504
3505
3506
3507
3508
3510
3511
3512
3513
3514
3515
3516
3517
3518
3519
3520
3521
3522
3523
3524
3525
3527
3528
3529
3531
3533
3534
3535
3536
3537
3539
3540
3541
3542
3543
3544
3545
3546
3547
3548
3549
3550
3551
3552
3553
3554
3555
3556
3557
3558
3559
3561
3562
3563
3564
3565
3566
3567
3568
3570
3571
3572
3573
3574
3575
3577
3578
3579
3580
3581
3582
3583
3584
3585
3586
3587
3588
3590
3591
3593
3594
3595
3596
3597
3598
3599
3600
3601
3602
3603
3604
3605
3606
3608
3609
3610
3611
3612
3613
3614
3615
3617
3618
3619
3620
3621
3622
3623
3625
3626
3627
3628
3629
3630
3631
3632
3633
3634
3635
3636
3637
3638
3639
3641
3642
3644
3645
3646
3648
3649
3650
3652
3653
3654
3655
3656
3658
3659
3660
3661
3662
3663
3664
3665
3667
3668
3669
3670
3671
3672
3675
3676
3677
3678
3679
3680
3681
3682
3683
3684
3686
3687
3689
3690
3691
3692
3693
3695
3696
3697
3700
3701
3702
3703
3704
3705
3706
3707
3708
3709
3710
3711
3712
3714
3715
3716
3717
3718
3719
3720
3721
3722
3723
3724
3725
3726
3727
3728
3729
3730
3732
3733
3736
3738
3740
3741
3742
3743
3745
3746
3748
3749
3750
3751
3752
3753
3754
3755
3756
3757
3758
3759
3760
3761
3762
3763
3764
3765
3766
3768
3769
3771
3772
3773
3774
3775
3776
3778
3779
3780
3782
3784
3787
3788
3789
3790
3791
3793
3794
3795
3796
3797
3798
3799
3802
3803
3804
3805
3806
3807
3808
3809
3810
3811
3812
3813
3814
3815
3816
3817
3818
3819
3820
3821
3822
3826
3827
3828
3829
3830
3831
3832
3833
3835
3837
3838
3839
3840
3841
3842
3843
3844
3845
3846
3847
3848
3849
3850
3851
3853
3854
3855
3856
3858
3860
3864
3865
3866
3867
3868
3869
3870
3872
3874
3875
3876
3878
3879
3882
3884
3885
3886
3889
3890
3891
3892
3895
3897
3898
3899
3900
3901
3902
3903
3905
3906
3907
3908
3911
3913
3915
3916
3919
3920
3921
3922
3923
3924
3925
3926
3927
3928
3929
3930
3931
3934
3935
3936
3938
3940
3942
3943
3944
3945
3946
3947
3949
3950
3952
3953
3954
3955
3956
3957
3958
3959
3960
3961
3962
3964
3965
3967
3968
3969
3971
3972
3975
3976
3977
3979
3980
3981
3982
3983
3984
3985
3986
3987
3988
3989
3990
3991
3992
3993
3994
3995
3996
3997
3998
3999
4000
4001
4002
4003
4004
4005
4006
4009
4010
4011
4012
4013
4014
4015
4016
4017
4019
4020
4021
4022
4024
4025
4026
4028
4030
4031
4032
4034
4035
4036
4037
4038
4040
4041
4042
4043
4045
4046
4047
4048
4049
4050
4051
4052
4053
4054
4055
4056
4057
4058
4059
4060
4062
4063
4064
4066
4067
4068
4069
4070
4071
4072
4073
4074
4075
4077
4078
4079
4081
4082
4083
4084
4086
4087
4088
4089
4090
4091
4092
4093
4094
4095
4096
4097
4098
4100
4101
4102
4104
4105
4106
4107
4108
4109
4111
4114
4115
4116
4117
4118
4119
4120
4122
4123
4124
4125
4126
4127
4128
4129
4130
4131
4132
4133
4134
4136
4137
4138
4139
4140
4143
4144
4145
4146
4147
4148
4149
4150
4151
4152
4154
4155
4156
4158
4159
4160
4161
4162
4164
4165
4166
4167
4168
4169
4173
4174
4175
4176
4177
4178
4179
4180
4181
4182
4184
4185
4186
4188
4189
4190
4191
4193
4194
4195
4196
4197
4199
4200
4202
4203
4204
4205
4206
4207
4208
4209
4210
4211
4212
4213
4215
4216
4217
4219
4220
4221
4222
4224
4225
4228
4229
4230
4232
4233
4234
4236
4237
4238
4239
4240
4241
4242
4243
4244
4245
4246
4247
4249
4250
4251
4252
4253
4254
4255
4256
4257
4258
4259
4261
4262
4263
4265
4266
4267
4268
4270
4271
4272
4273
4274
4275
4276
4277
4278
4281
4282
4283
4284
4285
4286
4287
4288
4289
4290
4291
4292
4293
4294
4296
4297
4299
4300
4302
4303
4304
4306
4307
4308
4309
4310
4312
4313
4314
4315
4317
4318
4319
4320
4321
4322
4323
4324
4325
4327
4328
4329
4330
4331
4332
4334
4336
4337
4338
4339
4341
4342
4343
4344
4345
4346
4350
4351
4354
4356
4357
4358
4359
4360
4361
4362
4364
4365
4368
4369
4370
4371
4372
4373
4374
4375
4377
4378
4379
4380
4381
4382
4383
4384
4386
4389
4391
4393
4394
4395
4396
4397
4399
4400
4402
4403
4405
4406
4407
4409
4410
4412
4413
4414
4415
4416
4417
4418
4419
4420
4422
4424
4425
4426
4427
4428
4429
4430
4431
4433
4434
4435
4436
4437
4438
4439
4440
4441
4442
4443
4447
4448
4449
4450
4451
4453
4454
4455
4456
4457
4458
4459
4460
4461
4462
4463
4464
4465
4466
4467
4468
4469
4471
4472
4473
4474
4475
4477
4478
4479
4480
4481
4482
4483
4484
4485
4486
4487
4489
4490
4491
4492
4493
4494
4495
4496
4497
4498
4499
4500
4501
4502
4503
4504
4505
4506
4507
4508
4512
4514
4515
4516
4518
4519
4520
4521
4522
4523
4524
4525
4526
4527
4528
4530
4531
4532
4534
4535
4536
4537
4538
4539
4540
4541
4542
4543
4545
4546
4547
4548
4549
4550
4551
4552
4553
4554
4555
4556
4557
4558
4559
4560
4561
4562
4563
4564
4565
4566
4567
4568
4570
4571
4573
4574
4575
4577
4578
4580
4581
4582
4583
4584
4586
4587
4588
4589
4590
4592
4594
4595
4598
4599
4600
4601
4602
4603
4605
4607
4608
4609
4610
4611
4612
4613
4615
4616
4617
4618
4619
4620
4621
4622
4623
4625
4627
4628
4629
4630
4631
4632
4633
4634
4635
4637
4638
4639
4640
4644
4645
4648
4649
4650
4651
4653
4654
4657
4660
4661
4662
4663
4664
4666
4667
4668
4669
4670
4671
4672
4673
4674
4677
4678
4679
4680
4681
4682
4684
4686
4687
4688
4689
4691
4692
4693
4694
4695
4696
4697
4699
4700
4701
4702
4703
4704
4706
4707
4708
4710
4711
4712
4713
4714
4715
4716
4717
4718
4719
4720
4721
4722
4723
4725
4727
4729
4730
4732
4734
4735
4736
4737
4738
4740
4741
4742
4744
4745
4746
4747
4748
4749
4750
4751
4752
4754
4756
4757
4758
4759
4761
4762
4763
4764
4766
4769
4771
4772
4773
4774
4775
4777
4778
4779
4780
4781
4782
4784
4786
4788
4789
4790
4791
4792
4793
4794
4795
4796
4797
4798
4799
4800
4801
4802
4803
4804
4805
4807
4808
4809
4810
4811
4814
4816
4817
4818
4820
4821
4822
4823
4825
4826
4827
4829
4830
4831
4832
4833
4834
4836
4837
4838
4839
4840
4841
4842
4843
4844
4845
4846
4847
4848
4850
4851
4852
4853
4855
4858
4859
4860
4861
4862
4863
4864
4866
4867
4868
4871
4873
4874
4875
4876
4878
4879
4880
4881
4883
4884
4885
4886
4887
4888
4889
4890
4891
4893
4895
4896
4897
4898
4899
4900
4902
4904
4906
4908
4909
4911
4913
4916
4917
4918
4919
4920
4922
4923
4924
4925
4927
4928
4929
4933
4934
4935
4936
4937
4938
4939
4941
4942
4943
4944
4945
4946
4947
4948
4950
4951
4952
4953
4954
4955
4956
4957
4958
4959
4960
4961
4962
4963
4964
4965
4967
4968
4970
4972
4973
4977
4978
4979
4980
4981
4982
4983
4984
4985
4986
4987
4989
4990
4992
4993
4994
4996
4997
5000
5003
5004
5005
5007
5008
5009
5010
5011
5012
5013
5014
5015
5016
5018
5019
5020
5022
5024
5025
5026
5027
5028
5029
5031
5032
5035
5036
5037
5038
5039
5040
5041
5042
5044
5045
5046
5047
5048
5049
5052
5053
5054
5055
5056
5058
5059
5060
5061
5062
5064
5065
5066
5067
5068
5069
5070
5071
5072
5073
5074
5075
5076
5077
5078
5080
5081
5082
5084
5086
5087
5088
5089
5090
5091
5094
5095
5096
5097
5098
5099
5101
5102
5103
5104
5105
5106
5108
5109
5110
5111
5112
5113
5115
5116
5117
5118
5119
5120
5121
5122
5125
5126
5127
5128
5129
5130
5132
5133
5134
5135
5136
5137
5138
5140
5141
5142
5143
5144
5145
5146
5147
5148
5149
5150
5151
5152
5154
5157
5158
5160
5161
5162
5164
5165
5166
5167
5169
5170
5171
5172
5173
5174
5175
5176
5177
5180
5181
5182
5183
5184
5186
5187
5188
5189
5190
5192
5193
5194
5197
5198
5199
5200
5201
5202
5203
5204
5205
5206
5208
5210
5211
5212
5213
5214
5215
5216
5218
5219
5221
5222
5223
5224
5225
5226
5227
5228
5229
5231
5232
5235
5236
5237
5238
5239
5242
5243
5245
5246
5247
5248
5251
5252
5253
5254
5255
5257
5258
5259
5260
5261
5262
5263
5264
5265
5268
5269
5270
5271
5272
5273
5274
5275
5276
5278
5281
5282
5283
5284
5285
5287
5288
5289
5290
5291
5292
5293
5296
5298
5299
5300
5301
5302
5303
5304
5305
5306
5307
5308
5310
5312
5313
5314
5315
5316
5317
5318
5320
5323
5324
5326
5327
5328
5330
5331
5332
5333
5334
5335
5337
5338
5339
5340
5342
5343
5344
5345
5346
5347
5348
5350
5351
5352
5353
5354
5356
5357
5358
5359
5360
5362
5363
5364
5365
5366
5368
5369
5370
5371
5372
5373
5374
5375
5376
5378
5380
5381
5382
5383
5384
5386
5388
5391
5392
5394
5396
5397
5399
5400
5401
5402
5403
5404
5405
5406
5407
5408
5409
5411
5412
5413
5414
5415
5416
5417
5418
5419
5420
5423
5425
5426
5427
5428
5429
5430
5431
5432
5433
5434
5435
5436
5437
5438
5439
5440
5443
5444
5445
5447
5448
5449
5450
5451
5452
5453
5454
5455
5456
5457
5458
5459
5460
5461
5462
5463
5466
5467
5468
5469
5471
5473
5474
5475
5477
5478
5479
5480
5481
5483
5484
5485
5486
5487
5488
5489
5490
5491
5492
5493
5494
5495
5496
5497
5498
5499
5500
5502
5503
5505
5506
5508
5509
5510
5511
5512
5513
5514
5515
5517
5518
5520
5523
5524
5526
5527
5529
5530
5531
5532
5533
5534
5535
5536
5537
5540
5544
5545
5546
5547
5548
5549
5550
5551
5552
5553
5555
5557
5558
5559
5560
5561
5562
5564
5565
5566
5567
5568
5570
5572
5573
5574
5576
5577
5578
5579
5582
5583
5584
5585
5586
5587
5588
5589
5590
5591
5593
5594
5595
5596
5597
5598
5599
5600
5601
5602
5603
5604
5605
5606
5607
5608
5609
5610
5611
5612
5614
5615
5616
5617
5618
5619
5620
5621
5627
5628
5629
5633
5634
5636
5637
5638
5639
5640
5642
5643
5645
5646
5647
5649
5652
5653
5654
5656
5657
5658
5659
5660
5661
5662
5665
5666
5667
5668
5670
5671
5672
5673
5674
5675
5676
5677
5678
5681
5682
5683
5684
5685
5686
5687
5688
5689
5690
5691
5692
5693
5695
5696
5697
5698
5699
5700
5702
5704
5706
5707
5708
5712
5713
5714
5715
5717
5718
5721
5724
5725
5726
5727
5728
5730
5731
5732
5733
5734
5735
5736
5737
5738
5740
5741
5742
5743
5745
5746
5748
5749
5750
5751
5752
5753
5755
5756
5757
5758
5759
5761
5762
5763
5764
5765
5767
5768
5769
5771
5772
5774
5775
5776
5777
5778
5780
5781
5782
5783
5785
5786
5787
5788
5789
5790
5791
5792
5793
5794
5799
5800
5802
5803
5805
5807
5808
5810
5812
5813
5815
5816
5818
5820
5821
5822
5823
5824
5826
5827
5829
5830
5831
5832
5834
5836
5837
5838
5839
5840
5842
5843
5844
5846
5847
5850
5851
5852
5853
5854
5855
5856
5857
5860
5861
5862
5864
5865
5868
5869
5870
5871
5872
5874
5875
5876
5877
5878
5879
5880
5882
5883
5886
5887
5888
5889
5891
5893
5894
5895
5896
5899
5900
5901
5902
5903
5904
5905
5907
5908
5909
5910
5911
5915
5916
5917
5918
5919
5920
5921
5922
5923
5924
5925
5927
5928
5931
5933
5934
5935
5936
5937
5939
5940
5941
5943
5945
5946
5947
5948
5949
5950
5951
5952
5953
5954
5955
5956
5959
5961
5963
5964
5966
5968
5969
5970
5971
5972
5974
5975
5976
5978
5979
5980
5981
5982
5983
5984
5985
5987
5989
5990
5991
5992
5994
5995
5996
5997
5999
6000
6001
6004
6006
6007
6008
6009
6011
6012
6013
6014
6015
6016
6017
6018
6019
6020
6021
6022
6025
6026
6027
6028
6030
6031
6032
6033
6035
6036
6038
6039
6040
6041
6042
6043
6044
6045
6046
6047
6051
6052
6053
6054
6057
6058
6060
6061
6062
6063
6064
6065
6066
6068
6069
6072
6073
6077
6078
6079
6080
6081
6082
6083
6084
6086
6087
6088
6089
6090
6093
6094
6095
6097
6102
6103
6105
6106
6107
6108
6109
6110
6113
6117
6118
6119
6121
6122
6125
6126
6127
6129
6130
6131
6132
6133
6134
6136
6139
6140
6141
6142
6144
6145
6146
6148
6149
6150
6151
6153
6154
6157
6158
6159
6160
6162
6163
6164
6165
6166
6167
6169
6170
6171
6173
6174
6175
6176
6177
6178
6179
6180
6182
6183
6184
6186
6187
6188
6189
6190
6193
6195
6196
6197
6198
6199
6200
6202
6203
6204
6205
6206
6207
6208
6209
6210
6211
6212
6213
6214
6217
6218
6220
6221
6222
6223
6224
6226
6227
6228
6229
6231
6232
6233
6234
6235
6237
6238
6240
6241
6243
6244
6246
6248
6249
6250
6253
6254
6256
6257
6258
6259
6260
6261
6262
6263
6264
6266
6267
6268
6269
6273
6276
6277
6278
6279
6280
6281
6282
6283
6284
6286
6289
6290
6292
6295
6296
6297
6298
6300
6301
6302
6304
6305
6306
6308
6309
6310
6311
6314
6316
6317
6318
6319
6320
6321
6322
6323
6325
6326
6327
6328
6330
6331
6332
6333
6334
6336
6337
6338
6339
6342
6343
6345
6347
6348
6352
6353
6354
6355
6356
6357
6358
6359
6361
6363
6364
6365
6367
6368
6369
6370
6373
6374
6375
6378
6379
6380
6381
6382
6383
6384
6385
6386
6387
6391
6392
6393
6395
6396
6397
6398
6399
6401
6402
6403
6404
6405
6406
6408
6409
6410
6411
6415
6417
6418
6419
6420
6421
6423
6424
6425
6426
6427
6428
6429
6430
6433
6434
6435
6436
6438
6441
6442
6445
6446
6447
6449
6450
6451
6452
6453
6454
6455
6456
6457
6459
6460
6463
6464
6465
6466
6469
6470
6472
6473
6475
6476
6478
6479
6481
6483
6486
6487
6488
6489
6491
6494
6497
6498
6500
6501
6502
6503
6504
6505
6507
6508
6511
6512
6513
6515
6516
6517
6518
6519
6520
6521
6522
6523
6525
6526
6527
6528
6530
6531
6532
6533
6534
6536
6537
6538
6539
6542
6543
6544
6545
6546
6547
6548
6549
6550
6551
6552
6554
6555
6556
6557
6558
6560
6561
6562
6563
6564
6566
6568
6569
6570
6571
6572
6574
6575
6576
6577
6578
6579
6580
6581
6584
6587
6588
6589
6592
6593
6594
6596
6599
6600
6601
6602
6604
6605
6607
6608
6609
6610
6611
6612
6614
6615
6616
6617
6618
6620
6621
6622
6624
6625
6627
6628
6629
6630
6631
6632
6633
6634
6635
6636
6637
6638
6639
6640
6641
6642
6643
6644
6645
6646
6647
6648
6649
6650
6651
6653
6655
6657
6658
6659
6660
6661
6662
6663
6666
6667
6668
6669
6670
6672
6673
6674
6675
6676
6677
6679
6680
6681
6683
6684
6686
6687
6689
6690
6692
6693
6694
6696
6697
6698
6699
6700
6701
6702
6703
6704
6705
6706
6707
6708
6711
6712
6713
6716
6717
6718
6720
6721
6724
6725
6726
6728
6729
6730
6731
6733
6734
6735
6737
6738
6739
6740
6741
6742
6743
6744
6745
6746
6747
6748
6749
6750
6751
6754
6755
6757
6758
6759
6761
6762
6763
6765
6766
6767
6768
6769
6771
6773
6774
6775
6776
6777
6778
6779
6780
6781
6782
6784
6787
6789
6790
6792
6794
6795
6797
6798
6799
6802
6803
6804
6805
6807
6810
6811
6812
6813
6814
6816
6817
6819
6820
6821
6823
6825
6826
6829
6830
6832
6833
6835
6836
6839
6842
6843
6844
6845
6847
6848
6849
6850
6851
6852
6853
6854
6855
6856
6857
6858
6859
6860
6861
6862
6863
6864
6865
6866
6867
6868
6871
6872
6874
6876
6878
6880
6881
6885
6888
6889
6891
6892
6895
6897
6898
6900
6901
6902
6903
6905
6907
6908
6909
6910
6911
6912
6913
6914
6915
6916
6918
6920
6921
6922
6923
6925
6926
6928
6929
6930
6933
6934
6936
6937
6941
6942
6943
6945
6946
6947
6948
6949
6950
6951
6952
6953
6957
6958
6960
6961
6962
6964
6965
6966
6967
6969
6970
6971
6972
6973
6974
6975
6976
6977
6978
6979
6980
6983
6984
6986
6987
6988
6989
6991
6992
6994
6995
6996
6999
7001
7002
7003
7004
7006
7007
7008
7009
7010
7011
7012
7013
7014
7016
7018
7019
7021
7024
7025
7026
7027
7028
7030
7031
7032
7033
7035
7036
7037
7038
7041
7042
7043
7044
7045
7047
7048
7049
7050
7052
7054
7055
7056
7057
7058
7059
7060
7062
7063
7064
7065
7066
7068
7070
7071
7072
7073
7075
7077
7078
7080
7081
7082
7086
7087
7088
7090
7091
7092
7093
7094
7095
7096
7098
7099
7100
7101
7102
7104
7106
7107
7108
7110
7111
7113
7116
7117
7120
7121
7122
7123
7124
7125
7127
7128
7129
7130
7131
7133
7134
7135
7136
7137
7139
7140
7141
7142
7143
7144
7145
7146
7147
7148
7150
7151
7153
7154
7155
7156
7157
7160
7161
7162
7164
7166
7167
7169
7170
7171
7172
7173
7174
7175
7176
7179
7181
7182
7183
7185
7187
7188
7189
7190
7191
7192
7193
7194
7195
7198
7199
7202
7205
7206
7207
7208
7209
7210
7213
7214
7217
7220
7221
7222
7223
7224
7225
7227
7228
7230
7231
7233
7234
7236
7239
7241
7243
7244
7245
7246
7247
7249
7250
7251
7252
7253
7254
7255
7256
7258
7259
7260
7261
7262
7263
7265
7267
7268
7270
7271
7272
7274
7276
7277
7278
7279
7280
7284
7285
7287
7288
7289
7290
7292
7294
7295
7296
7297
7298
7299
7301
7302
7304
7308
7309
7310
7314
7315
7317
7318
7320
7322
7324
7325
7326
7327
7328
7329
7330
7332
7333
7334
7335
7336
7338
7340
7341
7342
7343
7344
7345
7346
7350
7353
7354
7355
7359
7361
7362
7364
7365
7367
7368
7370
7371
7373
7374
7376
7378
7380
7381
7383
7384
7385
7386
7387
7389
7390
7391
7392
7393
7394
7395
7396
7397
7398
7401
7402
7403
7407
7408
7409
7410
7415
7417
7418
7419
7420
7421
7423
7424
7426
7427
7428
7429
7430
7431
7432
7433
7434
7435
7436
7437
7438
7439
7440
7441
7442
7444
7445
7446
7448
7449
7450
7451
7453
7454
7455
7458
7459
7460
7461
7462
7463
7464
7465
7466
7467
7468
7469
7472
7473
7474
7476
7477
7478
7479
7480
7481
7484
7486
7489
7492
7493
7494
7495
7496
7497
7498
7499
7500
7501
7503
7504
7505
7506
7508
7509
7511
7512
7514
7515
7517
7520
7521
7523
7525
7526
7527
7530
7532
7533
7537
7538
7539
7540
7541
7542
7543
7544
7545
7547
7551
7552
7553
7554
7556
7557
7559
7560
7561
7563
7565
7566
7569
7570
7571
7573
7574
7575
7578
7579
7581
7583
7584
7585
7587
7589
7590
7591
7593
7594
7596
7597
7598
7601
7602
7604
7605
7606
7609
7610
7611
7612
7613
7615
7616
7618
7619
7620
7621
7622
7624
7625
7626
7627
7628
7629
7632
7633
7634
7635
7636
7637
7638
7639
7640
7641
7642
7643
7644
7645
7647
7649
7650
7651
7652
7654
7658
7659
7660
7661
7662
7663
7664
7665
7666
7668
7671
7673
7674
7675
7677
7678
7679
7681
7682
7683
7685
7686
7687
7689
7690
7691
7692
7693
7694
7695
7696
7697
7698
7699
7700
7701
7705
7708
7709
7710
7711
7712
7713
7714
7715
7717
7718
7719
7720
7722
7723
7724
7725
7726
7728
7729
7730
7731
7732
7733
7734
7736
7737
7738
7739
7743
7744
7745
7747
7749
7751
7752
7754
7757
7759
7761
7762
7763
7767
7768
7769
7770
7771
7772
7776
7777
7778
7779
7780
7781
7782
7783
7784
7785
7786
7787
7788
7789
7790
7791
7792
7793
7794
7795
7797
7799
7800
7803
7804
7805
7806
7807
7810
7811
7812
7813
7815
7817
7819
7820
7821
7822
7823
7824
7825
7826
7827
7828
7830
7831
7832
7833
7834
7836
7838
7839
7841
7842
7843
7844
7847
7848
7849
7850
7851
7854
7855
7856
7858
7859
7860
7861
7862
7863
7865
7867
7869
7872
7873
7874
7875
7876
7877
7878
7879
7880
7883
7884
7886
7888
7890
7891
7892
7896
7897
7898
7899
7900
7901
7902
7903
7904
7905
7906
7907
7909
7910
7911
7912
7913
7915
7916
7917
7918
7919
7920
7922
7923
7924
7926
7929
7931
7933
7934
7935
7936
7937
7939
7941
7942
7943
7944
7945
7946
7947
7948
7949
7952
7955
7956
7957
7960
7962
7964
7965
7966
7967
7968
7969
7972
7974
7975
7976
7977
7979
7980
7981
7982
7983
7984
7990
7993
7994
7995
7998
8001
8003
8006
8007
8009
8010
8012
8013
8014
8015
8016
8017
8018
8019
8020
8021
8023
8024
8026
8027
8028
8029
8030
8031
8032
8033
8034
8037
8038
8039
8040
8041
8042
8043
8044
8046
8047
8049
8050
8053
8054
8055
8057
8058
8059
8060
8061
8062
8064
8065
8066
8068
8070
8072
8074
8075
8076
8077
8078
8080
8081
8083
8084
8085
8086
8089
8090
8092
8094
8096
8097
8098
8099
8101
8102
8103
8104
8106
8107
8108
8109
8112
8113
8114
8115
8116
8117
8118
8119
8121
8122
8123
8125
8126
8127
8128
8129
8130
8132
8133
8135
8136
8137
8138
8139
8140
8141
8142
8144
8145
8146
8150
8151
8152
8153
8154
8155
8156
8157
8158
8159
8160
8161
8162
8163
8165
8166
8167
8168
8169
8170
8171
8172
8173
8177
8178
8179
8180
8181
8186
8187
8189
8190
8191
8192
8193
8196
8197
8198
8200
8202
8203
8204
8205
8206
8207
8209
8210
8211
8212
8213
8214
8215
8217
8218
8219
8220
8221
8222
8223
8224
8225
8227
8229
8230
8231
8232
8236
8237
8238
8239
8240
8241
8242
8243
8244
8245
8251
8252
8253
8255
8256
8257
8259
8262
8263
8264
8265
8266
8268
8269
8272
8274
8275
8277
8279
8280
8281
8282
8284
8285
8286
8288
8290
8291
8294
8295
8296
8297
8298
8299
8300
8305
8306
8307
8308
8309
8310
8311
8312
8313
8314
8315
8316
8317
8318
8319
8320
8322
8323
8324
8326
8327
8328
8329
8330
8332
8334
8335
8336
8337
8338
8339
8340
8341
8343
8344
8346
8347
8348
8349
8350
8351
8353
8355
8357
8358
8359
8360
8362
8363
8364
8366
8367
8368
8369
8371
8373
8374
8375
8376
8378
8379
8380
8381
8385
8386
8387
8388
8389
8390
8391
8393
8394
8395
8396
8397
8398
8400
8402
8403
8404
8405
8406
8409
8410
8412
8415
8416
8418
8419
8420
8421
8422
8423
8425
8427
8428
8429
8430
8431
8433
8434
8435
8436
8439
8441
8442
8443
8445
8446
8448
8449
8451
8452
8453
8454
8455
8456
8457
8458
8459
8460
8461
8462
8464
8466
8467
8468
8469
8471
8472
8473
8474
8475
8476
8477
8478
8479
8481
8482
8483
8484
8487
8488
8489
8490
8491
8492
8493
8495
8496
8497
8499
8500
8501
8502
8506
8507
8508
8509
8510
8511
8514
8516
8518
8519
8521
8522
8523
8524
8526
8529
8530
8531
8532
8533
8534
8535
8536
8540
8542
8543
8545
8547
8549
8550
8551
8552
8553
8554
8555
8556
8557
8558
8559
8560
8561
8563
8565
8566
8567
8568
8569
8570
8573
8574
8577
8580
8581
8583
8584
8585
8588
8589
8592
8595
8596
8597
8598
8600
8601
8602
8606
8608
8610
8611
8612
8613
8614
8615
8616
8617
8618
8619
8621
8622
8623
8625
8626
8632
8635
8636
8638
8639
8640
8641
8642
8644
8645
8646
8647
8652
8653
8655
8656
8657
8658
8659
8660
8661
8662
8663
8664
8665
8666
8667
8668
8669
8670
8671
8672
8675
8677
8678
8679
8680
8681
8682
8684
8685
8686
8687
8688
8689
8692
8694
8695
8696
8698
8699
8701
8702
8703
8704
8705
8707
8708
8710
8712
8713
8714
8716
8717
8718
8719
8720
8721
8722
8723
8725
8727
8728
8731
8732
8733
8734
8735
8736
8737
8739
8742
8744
8746
8747
8748
8749
8750
8751
8752
8753
8754
8755
8756
8757
8758
8759
8760
8761
8762
8764
8765
8766
8767
8770
8771
8772
8775
8776
8778
8779
8780
8782
8783
8785
8786
8787
8790
8791
8794
8795
8796
8797
8798
8803
8804
8805
8806
8807
8808
8811
8812
8813
8815
8818
8820
8821
8823
8825
8826
8827
8829
8831
8833
8834
8836
8837
8839
8842
8843
8844
8845
8846
8847
8848
8849
8850
8851
8852
8855
8856
8857
8858
8860
8862
8863
8864
8865
8866
8867
8868
8869
8871
8872
8873
8874
8875
8877
8878
8879
8881
8882
8883
8884
8885
8886
8887
8888
8889
8890
8891
8892
8893
8896
8897
8898
8899
8900
8901
8904
8905
8906
8907
8908
8910
8911
8913
8914
8915
8916
8917
8919
8921
8922
8923
8924
8925
8926
8927
8928
8930
8931
8932
8933
8934
8935
8937
8938
8940
8941
8943
8944
8947
8948
8949
8952
8953
8955
8956
8957
8958
8959
8960
8962
8964
8966
8969
8972
8973
8976
8977
8978
8979
8980
8982
8983
8984
8985
8987
8988
8989
8990
8991
8992
8993
8994
8996
8997
9000
9001
9002
9003
9008
9009
9010
9011
9012
9013
9015
9016
9017
9018
9019
9020
9021
9023
9024
9026
9028
9029
9030
9031
9032
9033
9034
9035
9037
9039
9040
9041
9042
9043
9044
9045
9046
9048
9050
9051
9052
9053
9055
9057
9060
9061
9063
9064
9066
9067
9069
9070
9071
9072
9073
9075
9076
9077
9079
9082
9084
9085
9087
9088
9089
9092
9093
9094
9095
9097
9100
9101
9102
9104
9105
9106
9107
9108
9109
9110
9111
9112
9113
9115
9116
9117
9118
9119
9121
9123
9124
9125
9128
9129
9131
9132
9134
9140
9141
9143
9144
9146
9147
9148
9149
9150
9153
9154
9155
9156
9158
9159
9162
9163
9165
9167
9168
9169
9170
9172
9174
9175
9176
9178
9180
9181
9182
9183
9184
9186
9188
9189
9190
9191
9192
9194
9195
9196
9197
9201
9202
9205
9207
9208
9209
9210
9211
9212
9213
9215
9216
9217
9218
9219
9221
9222
9223
9226
9227
9230
9231
9233
9234
9235
9236
9237
9238
9239
9240
9241
9244
9247
9250
9251
9252
9253
9255
9257
9261
9262
9263
9264
9265
9266
9267
9268
9269
9272
9273
9274
9277
9278
9279
9280
9281
9283
9284
9286
9290
9292
9293
9294
9297
9298
9299
9301
9302
9304
9305
9306
9307
9308
9309
9310
9311
9313
9314
9317
9319
9321
9323
9325
9326
9327
9328
9331
9333
9336
9338
9339
9341
9342
9343
9344
9345
9348
9349
9351
9352
9353
9354
9355
9356
9357
9358
9361
9362
9363
9366
9367
9368
9369
9370
9371
9372
9373
9374
9375
9376
9378
9380
9381
9384
9385
9386
9387
9388
9389
9390
9391
9392
9393
9395
9397
9398
9399
9400
9402
9403
9405
9409
9410
9411
9412
9413
9415
9416
9417
9418
9419
9420
9421
9423
9424
9425
9427
9428
9429
9430
9431
9432
9433
9434
9439
9441
9442
9444
9445
9446
9447
9449
9453
9455
9457
9460
9461
9463
9464
9465
9466
9467
9468
9469
9471
9472
9474
9475
9476
9477
9478
9479
9481
9484
9485
9487
9489
9490
9492
9493
9494
9495
9496
9497
9499
9500
9501
9502
9503
9504
9505
9506
9508
9509
9510
9512
9513
9514
9515
9516
9518
9520
9521
9522
9523
9526
9527
9529
9533
9535
9536
9537
9538
9539
9542
9543
9545
9546
9548
9550
9553
9554
9555
9556
9557
9559
9560
9561
9562
9563
9564
9565
9566
9568
9569
9570
9571
9573
9574
9575
9576
9579
9581
9582
9583
9584
9585
9586
9590
9592
9596
9597
9599
9602
9603
9606
9609
9610
9611
9612
9613
9614
9617
9620
9621
9623
9626
9627
9628
9629
9630
9632
9633
9634
9635
9636
9637
9638
9639
9640
9646
9648
9649
9650
9651
9652
9653
9655
9656
9657
9658
9659
9660
9662
9663
9665
9666
9667
9668
9669
9671
9672
9674
9675
9676
9678
9679
9680
9682
9683
9684
9685
9687
9688
9689
9690
9691
9692
9694
9696
9697
9698
9699
9700
9703
9704
9705
9707
9708
9709
9710
9711
9712
9713
9714
9715
9716
9719
9720
9721
9722
9724
9725
9726
9727
9731
9733
9734
9735
9737
9738
9739
9740
9742
9743
9744
9745
9747
9749
9751
9754
9758
9761
9762
9764
9766
9767
9768
9770
9772
9773
9774
9775
9778
9779
9780
9781
9782
9785
9787
9788
9789
9791
9793
9795
9796
9797
9798
9801
9802
9803
9805
9806
9807
9808
9809
9810
9811
9812
9813
9814
9815
9816
9817
9819
9821
9822
9823
9825
9826
9827
9828
9829
9830
9831
9832
9833
9834
9837
9840
9842
9845
9847
9848
9849
9851
9853
9855
9856
9857
9858
9859
9860
9861
9862
9863
9865
9866
9867
9868
9870
9871
9872
9874
9878
9879
9880
9881
9882
9883
9884
9885
9886
9888
9889
9890
9891
9892
9893
9894
9896
9897
9902
9906
9907
9908
9909
9912
9915
9918
9919
9920
9922
9923
9925
9927
9928
9930
9933
9934
9936
9937
9943
9944
9945
9947
9948
9949
9950
9951
9952
9954
9956
9957
9958
9959
9960
9961
9962
9964
9965
9966
9968
9969
9970
9971
9972
9973
9974
9975
9976
9977
9978
9979
9980
9981
9984
9985
9986
9987
9989
9990
9991
9992
9995
9997
10000
10001
10002
10003
10004
10005
10006
10007
10008
10009
10012
10014
10015
10016
10017
10018
10019
10020
10021
10022
10024
10025
10026
10027
10028
10029
10030
10032
10033
10034
10035
10036
10037
10038
10039
10040
10042
10044
10046
10047
10049
10052
10053
10054
10055
10056
10059
10060
10061
10063
10064
10065
10066
10067
10071
10072
10073
10074
10075
10076
10078
10079
10080
10082
10083
10085
10088
10089
10090
10091
10092
10093
10094
10095
10097
10098
10102
10103
10105
10106
10107
10108
10111
10112
10115
10116
10118
10121
10122
10123
10124
10125
10128
10130
10132
10133
10134
10135
10136
10137
10139
10140
10141
10142
10143
10144
10146
10147
10150
10151
10152
10153
10155
10156
10159
10160
10161
10162
10163
10164
10165
10166
10168
10169
10173
10174
10175
10177
10179
10180
10181
10182
10184
10185
10186
10187
10188
10189
10190
10191
10192
10194
10195
10196
10198
10199
10201
10202
10203
10204
10205
10206
10207
10209
10210
10211
10213
10214
10217
10218
10219
10220
10222
10223
10226
10228
10229
10231
10232
10234
10235
10236
10238
10240
10242
10243
10245
10248
10250
10251
10252
10253
10254
10255
10256
10257
10258
10260
10261
10263
10264
10266
10267
10268
10269
10270
10272
10273
10275
10276
10277
10278
10279
10280
10281
10282
10283
10284
10285
10286
10287
10288
10289
10290
10291
10292
10294
10296
10297
10298
10299
10300
10301
10302
10304
10306
10307
10308
10309
10310
10311
10313
10314
10315
10316
10317
10318
10320
10321
10322
10324
10325
10327
10329
10330
10331
10332
10333
10334
10335
10337
10339
10340
10341
10342
10343
10344
10345
10346
10347
10350
10351
10355
10356
10357
10358
10361
10362
10364
10365
10366
10367
10368
10369
10370
10371
10372
10374
10375
10377
10378
10379
10380
10381
10382
10383
10384
10386
10388
10390
10391
10392
10393
10394
10398
10399
10400
10402
10403
10406
10408
10409
10410
10412
10415
10416
10419
10424
10425
10426
10427
10428
10430
10431
10432
10433
10434
10435
10436
10437
10439
10440
10441
10442
10445
10446
10447
10450
10451
10452
10453
10454
10456
10458
10459
10460
10463
10464
10466
10467
10472
10473
10474
10476
10477
10478
10479
10480
10481
10483
10484
10485
10486
10487
10490
10491
10492
10494
10495
10497
10498
10499
10500
10501
10502
10503
10504
10505
10506
10507
10508
10509
10512
10515
10517
10518
10519
10521
10522
10523
10524
10525
10527
10528
10529
10530
10532
10533
10534
10535
10536
10539
10540
10542
10545
10546
10548
10550
10551
10552
10553
10557
10558
10559
10560
10561
10562
10569
10570
10571
10573
10574
10575
10578
10579
10580
10581
10582
10583
10584
10585
10587
10588
10590
10592
10593
10596
10597
10598
10601
10602
10603
10604
10605
10606
10610
10611
10612
10613
10614
10615
10616
10617
10618
10621
10624
10625
10626
10627
10630
10631
10632
10633
10634
10635
10636
10639
10640
10641
10642
10643
10646
10649
10650
10653
10654
10655
10658
10659
10660
10661
10662
10665
10668
10669
10672
10673
10674
10675
10676
10677
10678
10681
10682
10684
10685
10686
10689
10690
10691
10694
10695
10696
10699
10700
10701
10702
10703
10705
10708
10709
10710
10711
10713
10714
10720
10723
10724
10725
10727
10728
10729
10730
10732
10733
10734
10736
10737
10738
10739
10741
10742
10743
10744
10746
10747
10749
10751
10752
10754
10755
10757
10758
10759
10760
10761
10762
10763
10764
10765
10768
10769
10771
10772
10774
10775
10776
10778
10779
10781
10782
10786
10787
10790
10792
10793
10795
10796
10800
10801
10804
10807
10810
10811
10812
10813
10814
10816
10817
10818
10821
10822
10824
10825
10828
10829
10830
10832
10834
10835
10836
10837
10839
10840
10841
10842
10843
10845
10846
10847
10849
10851
10852
10853
10854
10855
10856
10859
10861
10862
10863
10864
10866
10869
10870
10872
10873
10876
10877
10880
10883
10884
10885
10886
10889
10891
10892
10894
10895
10896
10897
10898
10899
10900
10901
10902
10903
10904
10906
10907
10911
10912
10913
10914
10916
10917
10919
10920
10921
10922
10923
10924
10925
10926
10927
10928
10929
10930
10931
10938
10939
10942
10944
10949
10950
10951
10952
10953
10954
10956
10957
10959
10960
10962
10963
10964
10966
10968
10969
10970
10972
10973
10975
10977
10978
10979
10982
10984
10986
10988
10990
10991
10992
10993
10996
10997
10999
11000
11002
11004
11007
11008
11009
11010
11011
11012
11013
11014
11016
11018
11020
11021
11022
11024
11025
11026
11028
11029
11030
11031
11032
11033
11034
11036
11039
11040
11041
11043
11045
11046
11047
11048
11049
11051
11053
11055
11057
11058
11060
11061
11063
11064
11065
11066
11067
11069
11071
11072
11074
11076
11077
11078
11079
11080
11081
11083
11084
11085
11086
11087
11088
11089
11090
11091
11092
11093
11096
11102
11106
11107
11111
11112
11113
11114
11116
11117
11118
11119
11120
11121
11122
11123
11124
11125
11126
11127
11128
11129
11130
11132
11133
11134
11135
11136
11137
11139
11140
11143
11144
11146
11147
11148
11149
11150
11152
11153
11154
11155
11156
11157
11158
11159
11161
11162
11163
11164
11167
11169
11170
11171
11172
11173
11174
11176
11177
11179
11180
11181
11182
11185
11188
11189
11190
11191
11192
11193
11194
11195
11196
11197
11198
11201
11202
11204
11205
11206
11207
11208
11209
11210
11211
11212
11214
11215
11217
11218
11219
11220
11221
11222
11223
11225
11227
11228
11229
11231
11232
11233
11236
11239
11240
11241
11242
11244
11245
11246
11247
11248
11249
11250
11252
11253
11255
11256
11257
11258
11260
11261
11263
11264
11265
11266
11267
11268
11269
11271
11272
11278
11279
11280
11283
11284
11286
11287
11290
11291
11293
11294
11295
11296
11298
11299
11300
11301
11302
11304
11305
11306
11309
11311
11312
11313
11314
11316
11317
11318
11319
11320
11321
11322
11323
11325
11326
11327
11329
11330
11331
11333
11336
11337
11340
11345
11346
11347
11348
11349
11350
11351
11352
11353
11354
11355
11356
11357
11358
11359
11360
11361
11363
11365
11368
11369
11371
11372
11377
11379
11380
11383
11384
11385
11386
11387
11388
11390
11391
11393
11394
11395
11396
11398
11399
11400
11401
11402
11406
11407
11409
11410
11411
11413
11414
11415
11416
11419
11420
11421
11424
11425
11426
11428
11429
11432
11434
11435
11436
11438
11439
11440
11442
11447
11448
11450
11451
11452
11453
11454
11455
11456
11457
11461
11462
11464
11465
11466
11467
11469
11471
11472
11474
11476
11477
11478
11479
11480
11481
11482
11483
11484
11485
11486
11488
11489
11490
11492
11496
11497
11498
11499
11500
11503
11504
11506
11508
11510
11511
11513
11514
11516
11518
11519
11521
11523
11525
11529
11531
11532
11533
11534
11535
11537
11539
11540
11541
11542
11543
11544
11545
11546
11547
11548
11550
11551
11552
11553
11554
11555
11557
11559
11560
11561
11564
11565
11566
11567
11568
11569
11571
11573
11574
11577
11579
11581
11583
11585
11587
11589
11590
11591
11592
11594
11595
11597
11598
11600
11602
11603
11604
11605
11606
11607
11608
11609
11611
11612
11614
11615
11616
11617
11618
11622
11623
11624
11626
11627
11629
11630
11631
11632
11635
11636
11637
11638
11639
11640
11641
11642
11644
11645
11646
11648
11650
11651
11652
11653
11655
11656
11657
11658
11660
11662
11663
11665
11666
11667
11668
11670
11671
11672
11673
11674
11675
11676
11678
11679
11680
11681
11684
11686
11688
11689
11690
11691
11693
11697
11698
11699
11700
11701
11704
11706
11708
11709
11710
11712
11715
11716
11719
11721
11722
11726
11728
11729
11730
11732
11733
11735
11737
11740
11741
11743
11746
11747
11748
11750
11751
11752
11753
11757
11758
11760
11761
11762
11763
11765
11766
11767
11768
11770
11771
11772
11774
11776
11778
11781
11782
11783
11784
11785
11787
11788
11789
11790
11791
11792
11794
11795
11796
11798
11799
11800
11801
11802
11803
11804
11805
11806
11810
11811
11813
11814
11816
11817
11820
11822
11823
11825
11827
11830
11832
11835
11836
11837
11838
11839
11842
11846
11847
11848
11850
11851
11852
11855
11856
11858
11859
11861
11862
11863
11864
11868
11869
11870
11871
11872
11873
11875
11877
11878
11879
11880
11881
11882
11883
11886
11889
11890
11892
11893
11894
11895
11896
11897
11898
11899
11900
11901
11905
11906
11908
11909
11910
11911
11914
11915
11917
11918
11922
11925
11926
11927
11930
11931
11932
11936
11937
11939
11940
11943
11944
11946
11947
11948
11949
11953
11955
11956
11957
11958
11959
11960
11961
11962
11963
11964
11965
11966
11967
11969
11971
11973
11974
11975
11976
11977
11979
11980
11982
11983
11984
11985
11986
11987
11988
11991
11992
11993
11995
11996
11998
12000
12003
12008
12009
12013
12017
12018
12019
12023
12024
12025
12026
12028
12029
12033
12034
12035
12036
12037
12040
12041
12043
12044
12048
12049
12050
12051
12052
12054
12055
12056
12058
12060
12061
12062
12067
12068
12071
12076
12078
12079
12080
12081
12082
12083
12084
12086
12088
12089
12090
12091
12092
12096
12097
12098
12100
12101
12102
12103
12104
12105
12106
12107
12110
12113
12115
12116
12117
12118
12119
12124
12125
12126
12128
12129
12131
12132
12133
12134
12139
12140
12141
12143
12145
12146
12147
12148
12150
12151
12152
12153
12154
12156
12160
12161
12162
12163
12164
12165
12167
12168
12171
12172
12173
12176
12178
12179
12180
12182
12183
12184
12185
12187
12188
12189
12192
12193
12194
12195
12196
12197
12199
12201
12202
12203
12204
12205
12207
12208
12211
12212
12214
12215
12216
12217
12219
12224
12225
12230
12232
12234
12237
12238
12239
12240
12242
12243
12244
12245
12249
12250
12251
12253
12254
12255
12258
12260
12261
12262
12263
12264
12265
12266
12268
12269
12270
12271
12272
12273
12275
12277
12278
12282
12283
12287
12288
12291
12293
12294
12296
12297
12298
12300
12302
12303
12304
12305
12306
12307
12309
12311
12312
12313
12315
12316
12317
12321
12322
12323
12324
12325
12331
12333
12334
12335
12337
12338
12339
12340
12343
12347
12348
12349
12351
12352
12353
12354
12355
12358
12361
12362
12363
12364
12366
12368
12373
12376
12377
12380
12381
12385
12386
12387
12388
12389
12390
12391
12393
12394
12395
12397
12399
12400
12401
12402
12405
12406
12409
12410
12412
12413
12414
12415
12416
12417
12418
12419
12422
12423
12425
12427
12430
12431
12435
12436
12437
12439
12443
12448
12450
12452
12453
12454
12457
12459
12460
12461
12462
12463
12464
12465
12466
12472
12473
12475
12477
12479
12480
12482
12483
12484
12486
12488
12490
12491
12492
12494
12495
12496
12497
12498
12499
12500
12501
12502
12503
12505
12506
12509
12513
12515
12516
12518
12520
12521
12523
12524
12525
12527
12529
12530
12533
12536
12538
12539
12540
12541
12544
12545
12546
12547
12548
12549
12550
12552
12554
12556
12557
12558
12559
12561
12562
12563
12564
12566
12567
12569
12570
12571
12572
12573
12574
12576
12577
12578
12579
12580
12581
12582
12583
12584
12586
12588
12594
12597
12604
12606
12607
12608
12609
12610
12611
12613
12615
12616
12617
12619
12620
12621
12622
12623
12624
12626
12627
12629
12630
12631
12633
12636
12639
12640
12642
12643
12645
12646
12647
12648
12649
12650
12654
12655
12656
12659
12661
12662
12663
12665
12669
12671
12672
12675
12676
12678
12679
12680
12681
12682
12684
12688
12690
12692
12695
12697
12700
12702
12705
12709
12713
12714
12716
12717
12718
12719
12721
12722
12725
12726
12727
12728
12732
12736
12737
12738
12740
12741
12742
12743
12744
12745
12748
12749
12750
12752
12753
12754
12755
12756
12757
12759
12760
12765
12768
12771
12773
12774
12778
12779
12780
12782
12784
12785
12786
12787
12788
12789
12791
12792
12793
12794
12796
12802
12804
12805
12806
12807
12809
12811
12814
12816
12817
12819
12821
12822
12825
12826
12828
12829
12830
12832
12833
12834
12836
12837
12841
12843
12844
12846
12847
12849
12850
12851
12852
12853
12854
12855
12856
12857
12858
12863
12865
12867
12868
12875
12876
12877
12880
12881
12882
12883
12887
12888
12889
12890
12891
12893
12896
12898
12899
12900
12901
12903
12904
12906
12908
12910
12912
12913
12914
12917
12918
12920
12923
12924
12926
12927
12928
12929
12931
12932
12934
12936
12937
12938
12939
12943
12945
12946
12948
12949
12950
12952
12953
12954
12955
12957
12958
12959
12960
12961
12964
12965
12966
12969
12973
12975
12976
12977
12984
12985
12986
12988
12991
12993
12994
12995
12996
12997
13000
13001
13002
13003
13004
13006
13007
13011
13012
13013
13014
13015
13016
13017
13019
13023
13024
13025
13026
13027
13030
13031
13033
13034
13035
13036
13037
13038
13042
13043
13044
13047
13048
13049
13050
13052
13053
13054
13055
13056
13057
13058
13059
13061
13063
13064
13065
13066
13067
13068
13069
13071
13073
13076
13077
13079
13080
13081
13082
13083
13087
13088
13089
13091
13092
13093
13094
13095
13096
13097
13098
13099
13101
13102
13103
13104
13105
13107
13110
13111
13112
13114
13115
13118
13119
13122
13123
13125
13126
13128
13129
13131
13132
13137
13138
13139
13141
13142
13143
13145
13149
13150
13151
13153
13155
13157
13158
13160
13161
13162
13165
13166
13167
13171
13172
13173
13175
13176
13177
13178
13180
13181
13182
13183
13184
13185
13186
13187
13188
13190
13191
13192
13193
13194
13196
13197
13198
13199
13200
13201
13202
13204
13205
13208
13209
13211
13213
13214
13215
13216
13217
13218
13220
13221
13222
13223
13224
13226
13228
13229
13230
13232
13233
13235
13236
13237
13238
13239
13240
13242
13243
13245
13246
13248
13249
13250
13251
13252
13254
13255
13256
13258
13259
13260
13262
13263
13264
13266
13267
13269
13271
13272
13273
13276
13279
13280
13281
13282
13283
13284
13285
13286
13288
13289
13290
13293
13301
13303
13304
13307
13308
13310
13311
13315
13316
13317
13319
13322
13323
13324
13325
13329
13332
13333
13334
13336
13337
13338
13340
13341
13343
13345
13348
13351
13352
13354
13356
13358
13359
13360
13363
13365
13366
13369
13370
13371
13372
13373
13375
13378
13379
13382
13384
13385
13386
13387
13390
13392
13393
13394
13395
13396
13397
13398
13402
13403
13404
13405
13407
13410
13414
13415
13416
13417
13418
13419
13421
13422
13423
13425
13426
13427
13428
13429
13430
13432
13434
13435
13437
13438
13439
13441
13442
13444
13448
13449
13451
13452
13453
13454
13455
13457
13458
13460
13462
13463
13464
13468
13470
13473
13475
13478
13479
13481
13482
13483
13484
13485
13486
13494
13496
13497
13500
13501
13503
13504
13505
13506
13508
13509
13510
13511
13512
13513
13514
13518
13522
13523
13525
13527
13529
13531
13533
13534
13535
13537
13538
13539
13540
13541
13542
13544
13545
13546
13547
13548
13550
13552
13553
13554
13555
13556
13557
13558
13559
13560
13562
13563
13564
13568
13569
13571
13572
13573
13575
13578
13581
13584
13585
13586
13587
13588
13591
13594
13595
13596
13597
13598
13599
13600
13601
13602
13605
13606
13607
13609
13611
13612
13613
13614
13615
13618
13623
13624
13626
13628
13634
13636
13638
13640
13642
13646
13648
13651
13652
13653
13654
13655
13657
13660
13661
13662
13663
13664
13665
13667
13668
13669
13670
13672
13673
13675
13678
13679
13681
13682
13683
13684
13687
13688
13690
13694
13695
13697
13698
13699
13701
13703
13704
13706
13707
13708
13709
13712
13715
13716
13717
13721
13722
13723
13724
13725
13726
13731
13732
13733
13734
13736
13738
13739
13741
13742
13744
13745
13746
13747
13749
13750
13753
13754
13755
13756
13757
13759
13761
13763
13764
13765
13766
13767
13769
13771
13773
13775
13777
13779
13780
13783
13784
13786
13787
13789
13791
13792
13793
13794
13797
13798
13799
13802
13803
13804
13806
13808
13809
13810
13812
13813
13814
13818
13820
13822
13823
13826
13832
13834
13838
13839
13843
13847
13848
13849
13852
13853
13854
13857
13859
13861
13862
13863
13864
13866
13867
13868
13870
13873
13874
13875
13876
13878
13879
13880
13881
13882
13884
13885
13887
13891
13893
13895
13896
13898
13900
13901
13902
13908
13909
13910
13911
13914
13917
13919
13923
13924
13926
13927
13928
13929
13933
13936
13939
13942
13943
13945
13946
13947
13948
13950
13951
13954
13955
13957
13960
13962
13963
13965
13966
13967
13968
13969
13970
13971
13973
13974
13975
13976
13980
13981
13982
13983
13984
13985
13987
13989
13992
13993
13996
13998
13999
14000
14003
14004
14006
14007
14008
14009
14011
14012
14015
14018
14021
14022
14023
14024
14026
14027
14029
14030
14031
14032
14035
14037
14039
14040
14041
14044
14045
14046
14047
14048
14051
14053
14055
14056
14058
14059
14061
14064
14065
14067
14069
14071
14073
14075
14076
14077
14078
14080
14081
14082
14084
14087
14088
14089
14090
14092
14096
14097
14098
14102
14103
14105
14106
14107
14108
14109
14111
14114
14116
14118
14119
14122
14125
14128
14129
14131
14132
14134
14136
14137
14138
14142
14143
14144
14145
14147
14148
14149
14152
14153
14156
14157
14158
14159
14160
14161
14162
14163
14164
14165
14166
14172
14176
14177
14178
14180
14181
14182
14183
14184
14185
14186
14189
14190
14193
14194
14195
14196
14197
14198
14199
14200
14202
14203
14204
14205
14206
14210
14212
14213
14214
14215
14216
14220
14222
14224
14228
14229
14230
14231
14233
14234
14235
14237
14239
14240
14242
14243
14244
14245
14246
14247
14248
14251
14252
14254
14255
14257
14258
14260
14261
14262
14264
14265
14266
14267
14269
14271
14272
14273
14274
14276
14280
14282
14287
14288
14289
14290
14292
14293
14294
14297
14301
14303
14304
14306
14308
14311
14312
14314
14316
14318
14319
14320
14322
14327
14328
14330
14332
14333
14334
14335
14336
14339
14340
14341
14343
14344
14345
14346
14347
14349
14352
14354
14356
14361
14362
14365
14367
14371
14372
14373
14374
14375
14376
14377
14378
14379
14380
14382
14383
14384
14385
14386
14387
14388
14390
14392
14393
14394
14395
14398
14400
14402
14404
14406
14407
14408
14409
14410
14411
14414
14415
14416
14418
14419
14420
14421
14423
14427
14428
14429
14430
14431
14434
14435
14436
14437
14439
14440
14441
14443
14444
14445
14448
14449
14451
14452
14453
14456
14457
14458
14459
14460
14461
14462
14465
14468
14469
14471
14472
14473
14475
14476
14479
14480
14481
14482
14486
14488
14489
14497
14499
14505
14512
14515
14519
14520
14523
14524
14525
14526
14528
14529
14531
14532
14535
14537
14539
14541
14542
14544
14548
14549
14552
14554
14555
14556
14559
14560
14561
14562
14565
14566
14567
14568
14569
14571
14572
14574
14576
14577
14579
14580
14585
14586
14587
14588
14589
14590
14594
14596
14598
14603
14604
14605
14606
14610
14611
14617
14619
14621
14622
14623
14625
14626
14629
14630
14632
14634
14635
14636
14637
14641
14645
14646
14648
14649
14650
14653
14654
14658
14659
14660
14661
14662
14664
14668
14669
14670
14671
14673
14676
14678
14680
14682
14683
14685
14687
14688
14689
14691
14692
14695
14696
14701
14702
14703
14705
14706
14707
14708
14711
14712
14713
14714
14716
14717
14720
14721
14722
14725
14726
14727
14728
14730
14731
14732
14733
14737
14738
14739
14742
14743
14744
14745
14746
14747
14749
14750
14751
14752
14754
14755
14757
14759
14760
14761
14762
14764
14768
14771
14773
14775
14777
14779
14781
14782
14783
14784
14785
14787
14789
14791
14793
14794
14796
14798
14801
14802
14803
14807
14808
14809
14810
14813
14816
14817
14818
14819
14822
14823
14824
14827
14828
14829
14830
14832
14833
14834
14835
14836
14838
14840
14842
14844
14846
14848
14849
14851
14852
14854
14855
14856
14858
14860
14861
14862
14863
14864
14865
14866
14868
14870
14871
14872
14874
14877
14880
14882
14883
14884
14885
14886
14888
14890
14892
14893
14894
14895
14897
14898
14902
14903
14905
14906
14907
14908
14909
14910
14911
14913
14914
14916
14920
14921
14923
14926
14927
14928
14931
14932
14933
14934
14936
14937
14938
14942
14943
14944
14950
14951
14952
14953
14956
14960
14963
14964
14965
14970
14971
14972
14973
14975
14976
14978
14979
14980
14981
14983
14984
14987
14988
14989
14991
14992
14993
14995
14997
15000
15001
15002
15003
15004
15005
15006
15007
15009
15010
15011
15013
15015
15016
15018
15019
15025
15026
15027
15028
15029
15030
15031
15034
15035
15036
15037
15038
15039
15040
15041
15043
15044
15045
15048
15049
15050
15052
15055
15056
15057
15058
15060
15062
15065
15066
15069
15072
15074
15075
15077
15078
15080
15083
15086
15087
15089
15090
15092
15094
15096
15097
15100
15103
15104
15105
15107
15113
15114
15115
15116
15118
15119
15121
15122
15123
15124
15129
15131
15132
15133
15135
15136
15137
15138
15140
15141
15142
15144
15145
15150
15153
15155
15156
15162
15164
15167
15168
15169
15170
15171
15174
15175
15176
15177
15180
15182
15183
15184
15189
15190
15193
15194
15196
15197
15198
15199
15200
15201
15203
15205
15206
15207
15208
15209
15210
15211
15212
15213
15214
15215
15217
15218
15221
15222
15223
15224
15227
15229
15232
15233
15234
15236
15238
15239
15240
15243
15244
15245
15248
15250
15251
15259
15262
15263
15264
15266
15267
15268
15269
15270
15272
15273
15274
15277
15278
15284
15286
15287
15288
15289
15291
15294
15295
15296
15297
15298
15299
15300
15301
15304
15305
15306
15308
15309
15310
15312
15313
15314
15316
15318
15319
15323
15324
15326
15327
15328
15329
15330
15332
15333
15339
15342
15344
15345
15346
15347
15349
15352
15353
15354
15355
15359
15360
15361
15362
15365
15366
15369
15371
15373
15375
15376
15377
15381
15382
15384
15385
15387
15390
15391
15393
15394
15395
15397
15399
15400
15401
15402
15403
15404
15406
15407
15408
15409
15410
15411
15412
15413
15414
15415
15417
15420
15422
15425
15428
15429
15430
15432
15433
15435
15436
15438
15440
15441
15444
15448
15449
15451
15452
15453
15456
15460
15462
15463
15464
15465
15466
15467
15469
15470
15471
15472
15474
15476
15478
15480
15483
15484
15485
15486
15487
15488
15489
15490
15491
15493
15494
15495
15497
15499
15500
15501
15504
15506
15507
15510
15511
15512
15513
15518
15519
15523
15525
15528
15529
15530
15532
15539
15540
15542
15545
15546
15547
15548
15550
15552
15555
15556
15557
15559
15560
15561
15563
15564
15566
15567
15568
15569
15570
15571
15572
15574
15577
15578
15579
15581
15582
15583
15584
15585
15586
15588
15589
15593
15594
15595
15596
15597
15600
15603
15604
15605
15606
15609
15612
15614
15615
15618
15619
15620
15622
15623
15625
15627
15628
15629
15631
15632
15638
15639
15640
15644
15645
15646
15648
15650
15651
15653
15655
15656
15660
15661
15663
15664
15665
15666
15667
15672
15673
15674
15675
15679
15686
15688
15689
15690
15692
15693
15694
15696
15697
15698
15700
15701
15702
15704
15705
15707
15708
15710
15715
15716
15718
15719
15720
15721
15722
15724
15725
15727
15729
15731
15732
15733
15734
15735
15736
15737
15738
15739
15741
15743
15745
15746
15747
15748
15749
15751
15752
15754
15756
15758
15759
15762
15766
15767
15769
15770
15771
15773
15776
15777
15778
15781
15783
15784
15785
15787
15789
15790
15792
15793
15794
15795
15796
15797
15799
15802
15803
15804
15805
15808
15809
15812
15814
15815
15816
15818
15822
15825
15827
15831
15832
15835
15836
15838
15840
15842
15843
15845
15846
15847
15850
15851
15853
15854
15857
15859
15860
15861
15862
15864
15865
15868
15872
15873
15876
15880
15882
15883
15884
15886
15887
15888
15889
15891
15893
15894
15895
15897
15899
15900
15902
15903
15905
15906
15907
15910
15915
15917
15918
15919
15920
15922
15924
15925
15927
15928
15929
15930
15932
15933
15934
15936
15938
15939
15943
15945
15946
15947
15949
15951
15953
15955
15956
15957
15958
15959
15960
15962
15964
15966
15967
15968
15969
15971
15972
15973
15975
15977
15978
15979
15981
15983
15985
15987
15988
15990
15992
15993
15998
15999
16000
16001
16002
16004
16005
16006
16008
16010
16011
16012
16015
16016
16018
16019
16022
16023
16024
16025
16026
16028
16029
16033
16034
16035
16036
16037
16038
16040
16042
16043
16044
16045
16049
16050
16051
16055
16058
16059
16065
16066
16067
16068
16069
16070
16073
16075
16076
16077
16078
16079
16083
16084
16085
16086
16088
16091
16093
16095
16097
16099
16100
16103
16104
16108
16110
16111
16112
16113
16116
16117
16119
16124
16126
16128
16132
16134
16137
16138
16139
16141
16143
16145
16146
16148
16150
16153
16154
16155
16156
16158
16159
16160
16162
16163
16164
16168
16169
16171
16172
16174
16175
16177
16183
16184
16186
16187
16188
16189
16190
16191
16192
16196
16197
16199
16201
16202
16207
16211
16212
16213
16214
16216
16217
16218
16219
16220
16221
16229
16233
16234
16236
16237
16239
16240
16241
16243
16245
16247
16248
16249
16251
16252
16253
16257
16258
16260
16261
16268
16271
16274
16275
16276
16279
16281
16282
16285
16293
16294
16295
16296
16297
16298
16299
16300
16301
16302
16304
16305
16307
16310
16312
16314
16315
16318
16320
16321
16324
16327
16330
16331
16333
16335
16336
16338
16341
16343
16345
16346
16347
16350
16351
16352
16356
16359
16360
16361
16362
16364
16366
16368
16369
16371
16376
16378
16379
16380
16382
16383
16384
16385
16386
16394
16397
16398
16400
16401
16402
16403
16404
16406
16407
16408
16410
16411
16412
16414
16415
16417
16418
16420
16421
16424
16429
16431
16432
16435
16436
16438
16440
16442
16447
16451
16452
16455
16456
16465
16467
16468
16469
16472
16476
16477
16478
16480
16481
16482
16484
16487
16489
16490
16492
16493
16494
16495
16496
16499
16500
16501
16502
16505
16507
16508
16510
16511
16515
16516
16518
16519
16520
16521
16522
16523
16524
16526
16531
16532
16534
16538
16539
16540
16543
16545
16546
16547
16548
16549
16551
16552
16558
16559
16561
16562
16563
16565
16566
16568
16569
16572
16573
16574
16575
16577
16578
16579
16581
16583
16584
16585
16590
16591
16593
16598
16599
16602
16603
16606
16609
16611
16613
16614
16615
16617
16618
16620
16622
16624
16626
16629
16630
16631
16632
16634
16640
16642
16643
16644
16646
16647
16648
16653
16654
16655
16656
16661
16662
16664
16665
16666
16667
16668
16672
16673
16674
16675
16676
16677
16681
16682
16683
16685
16687
16691
16693
16694
16696
16697
16699
16701
16703
16705
16706
16707
16709
16713
16714
16717
16720
16721
16722
16724
16731
16733
16734
16735
16738
16739
16740
16741
16742
16743
16746
16747
16749
16752
16753
16754
16756
16757
16758
16759
16760
16761
16762
16764
16767
16768
16769
16771
16772
16773
16775
16776
16777
16778
16779
16782
16783
16784
16786
16793
16794
16798
16799
16800
16801
16803
16805
16809
16810
16813
16814
16815
16816
16817
16818
16819
16820
16821
16823
16825
16827
16828
16829
16833
16834
16836
16838
16839
16841
16842
16843
16845
16846
16849
16850
16853
16855
16856
16858
16859
16860
16862
16864
16866
16867
16870
16871
16873
16874
16875
16876
16883
16884
16885
16886
16887
16888
16890
16893
16896
16899
16900
16901
16903
16905
16909
16910
16912
16916
16917
16921
16923
16924
16926
16928
16933
16934
16935
16936
16939
16940
16941
16943
16944
16945
16946
16947
16949
16954
16955
16956
16963
16964
16965
16966
16967
16968
16969
16971
16972
16975
16979
16983
16984
16985
16986
16987
16988
16989
16991
16995
16996
16998
16999
17001
17002
17006
17008
17009
17010
17011
17012
17013
17015
17023
17024
17027
17028
17029
17030
17038
17039
17040
17043
17044
17045
17046
17047
17049
17051
17054
17055
17061
17062
17066
17067
17068
17071
17073
17075
17076
17077
17078
17080
17082
17083
17084
17085
17086
17087
17088
17092
17096
17098
17099
17100
17101
17102
17108
17110
17111
17112
17114
17115
17117
17118
17120
17121
17122
17123
17126
17128
17130
17132
17135
17136
17140
17142
17144
17145
17147
17150
17152
17153
17154
17155
17156
17157
17158
17161
17162
17163
17164
17167
17168
17171
17172
17174
17176
17177
17180
17181
17182
17183
17185
17186
17187
17189
17190
17191
17196
17197
17198
17199
17200
17201
17205
17207
17208
17209
17210
17212
17218
17219
17220
17224
17226
17231
17233
17235
17237
17238
17241
17243
17244
17247
17249
17251
17252
17253
17257
17260
17261
17262
17263
17264
17265
17266
17268
17270
17272
17274
17277
17281
17284
17287
17289
17290
17291
17294
17295
17298
17307
17310
17311
17312
17314
17315
17316
17317
17319
17320
17321
17322
17326
17334
17335
17336
17340
17342
17344
17345
17347
17351
17355
17356
17358
17359
17360
17366
17367
17369
17370
17371
17372
17373
17374
17375
17376
17377
17380
17381
17382
17384
17385
17389
17390
17393
17396
17397
17399
17403
17404
17405
17406
17409
17410
17413
17415
17420
17422
17423
17424
17425
17426
17427
17430
17431
17435
17437
17438
17439
17440
17441
17445
17447
17448
17454
17455
17456
17457
17458
17459
17461
17462
17464
17465
17466
17467
17469
17470
17471
17475
17476
17479
17480
17481
17482
17483
17484
17486
17487
17490
17494
17495
17497
17498
17501
17502
17503
17504
17506
17507
17508
17509
17510
17512
17514
17515
17523
17524
17526
17527
17529
17531
17532
17533
17534
17535
17537
17538
17541
17543
17545
17546
17548
17549
17550
17551
17554
17555
17561
17562
17564
17565
17566
17571
17572
17573
17575
17582
17583
17585
17587
17589
17590
17591
17592
17593
17594
17596
17600
17602
17606
17607
17608
17609
17610
17612
17614
17615
17617
17620
17622
17623
17624
17628
17629
17635
17636
17638
17639
17640
17643
17645
17648
17649
17650
17651
17652
17655
17656
17657
17659
17661
17663
17664
17671
17673
17674
17675
17679
17680
17681
17683
17684
17685
17688
17696
17697
17698
17700
17701
17703
17705
17708
17710
17711
17714
17715
17717
17720
17722
17723
17724
17725
17726
17728
17730
17731
17736
17737
17738
17740
17741
17742
17743
17745
17748
17750
17751
17755
17756
17758
17759
17760
17761
17764
17768
17770
17772
17778
17781
17782
17784
17785
17786
17788
17789
17793
17794
17795
17797
17800
17805
17807
17809
17811
17812
17815
17818
17822
17823
17829
17830
17831
17833
17834
17835
17839
17840
17843
17844
17845
17848
17852
17854
17855
17856
17857
17860
17861
17864
17865
17867
17870
17872
17873
17876
17877
17878
17879
17880
17881
17882
17883
17884
17885
17887
17891
17894
17896
17898
17899
17900
17903
17904
17907
17908
17910
17912
17913
17915
17916
17917
17918
17919
17920
17921
17930
17931
17932
17933
17934
17936
17938
17939
17940
17943
17944
17948
17954
17955
17956
17957
17958
17961
17963
17964
17965
17967
17969
17970
17971
17972
17973
17977
17978
17981
17982
17987
17991
17992
17994
17995
17997
17999
18000
18002
18003
18004
18006
18008
18009
18011
18013
18014
18015
18017
18018
18019
18020
18021
18022
18023
18024
18025
18028
18029
18030
18031
18034
18035
18036
18037
18038
18040
18044
18045
18046
18047
18048
18050
18051
18052
18053
18054
18055
18059
18063
18064
18065
18069
18070
18071
18075
18078
18081
18082
18083
18084
18086
18090
18091
18092
18093
18094
18097
18100
18101
18102
18104
18105
18106
18107
18109
18112
18115
18116
18118
18119
18120
18125
18126
18128
18129
18130
18131
18132
18136
18137
18139
18140
18141
18142
18143
18145
18149
18151
18153
18154
18155
18160
18162
18163
18164
18166
18169
18170
18172
18173
18175
18176
18177
18179
18180
18182
18183
18185
18186
18188
18191
18194
18195
18199
18200
18201
18202
18203
18204
18205
18207
18209
18210
18211
18212
18214
18218
18221
18222
18223
18227
18230
18232
18233
18235
18236
18237
18239
18240
18241
18242
18247
18248
18250
18252
18253
18259
18260
18261
18264
18266
18267
18270
18271
18273
18274
18275
18276
18278
18280
18284
18285
18290
18291
18295
18296
18299
18301
18303
18304
18305
18306
18307
18308
18309
18311
18313
18319
18320
18322
18323
18324
18326
18327
18330
18332
18334
18335
18336
18338
18342
18343
18346
18347
18349
18351
18353
18356
18357
18358
18362
18364
18365
18367
18369
18371
18374
18375
18376
18377
18381
18382
18383
18386
18387
18388
18389
18390
18391
18393
18397
18401
18402
18405
18407
18408
18410
18411
18412
18413
18415
18417
18418
18420
18422
18424
18425
18432
18433
18434
18436
18440
18442
18443
18445
18452
18453
18455
18456
18458
18459
18460
18462
18464
18465
18466
18468
18472
18475
18476
18479
18484
18486
18488
18489
18492
18498
18499
18502
18503
18508
18509
18510
18512
18513
18515
18519
18520
18521
18522
18524
18525
18526
18528
18532
18533
18534
18535
18536
18538
18539
18541
18543
18544
18545
18546
18549
18552
18553
18554
18555
18557
18559
18560
18562
18564
18566
18567
18568
18572
18573
18574
18575
18576
18577
18578
18579
18582
18583
18586
18587
18589
18590
18592
18597
18598
18601
18605
18608
18610
18611
18612
18614
18615
18616
18617
18618
18619
18620
18621
18622
18626
18630
18633
18638
18639
18642
18644
18646
18648
18649
18650
18651
18652
18653
18654
18656
18657
18658
18660
18661
18663
18664
18666
18668
18670
18671
18673
18674
18675
18676
18677
18680
18681
18682
18683
18684
18685
18687
18689
18695
18700
18701
18702
18705
18707
18710
18713
18714
18715
18716
18717
18718
18721
18722
18724
18726
18727
18728
18733
18738
18739
18740
18743
18744
18745
18746
18747
18750
18751
18757
18760
18761
18763
18768
18769
18770
18772
18773
18776
18777
18778
18779
18781
18783
18786
18788
18789
18790
18794
18796
18797
18800
18801
18804
18805
18807
18811
18814
18816
18817
18818
18820
18821
18824
18826
18827
18828
18830
18834
18835
18836
18837
18838
18842
18843
18844
18847
18854
18857
18858
18859
18864
18865
18867
18868
18870
18871
18872
18873
18874
18875
18876
18879
18880
18881
18883
18886
18887
18888
18890
18892
18894
18895
18896
18899
18900
18902
18904
18907
18910
18913
18916
18918
18919
18922
18924
18926
18927
18929
18930
18931
18932
18933
18934
18935
18936
18937
18939
18941
18942
18944
18948
18950
18952
18955
18956
18957
18958
18959
18960
18961
18962
18964
18967
18970
18971
18975
18977
18978
18981
18984
18985
18986
18987
18988
18989
18990
18991
18992
18993
18997
19000
19001
19002
19005
19007
19011
19012
19014
19018
19021
19023
19024
19025
19027
19028
19029
19032
19033
19034
19038
19039
19041
19043
19044
19046
19047
19049
19053
19055
19056
19058
19060
19063
19067
19069
19072
19078
19079
19080
19083
19084
19086
19087
19088
19089
19094
19095
19099
19100
19101
19102
19103
19104
19107
19108
19109
19110
19111
19113
19114
19115
19117
19119
19120
19123
19126
19128
19129
19130
19133
19135
19136
19139
19140
19143
19145
19150
19151
19152
19159
19163
19169
19170
19172
19173
19174
19175
19177
19178
19181
19183
19185
19186
19187
19189
19190
19192
19194
19196
19197
19199
19201
19205
19206
19208
19209
19211
19212
19214
19216
19222
19223
19226
19228
19229
19231
19235
19236
19238
19239
19242
19243
19246
19247
19248
19249
19251
19255
19258
19259
19260
19261
19262
19264
19266
19268
19269
19271
19272
19274
19275
19276
19277
19278
19279
19280
19281
19284
19285
19287
19290
19291
19292
19293
19296
19298
19302
19303
19304
19305
19306
19307
19310
19312
19313
19314
19315
19317
19318
19321
19323
19324
19329
19330
19331
19333
19335
19336
19337
19339
19340
19341
19342
19346
19348
19349
19350
19352
19354
19355
19359
19362
19363
19364
19366
19368
19370
19371
19373
19375
19379
19382
19383
19385
19387
19388
19390
19391
19396
19398
19401
19402
19405
19407
19409
19411
19413
19415
19417
19418
19420
19424
19427
19429
19430
19434
19441
19442
19443
19448
19452
19457
19458
19460
19461
19463
19464
19465
19468
19470
19472
19473
19474
19475
19478
19480
19481
19482
19483
19486
19490
19491
19492
19497
19498
19503
19504
19505
19506
19509
19512
19513
19515
19517
19518
19519
19520
19521
19522
19526
19527
19530
19533
19534
19536
19537
19539
19541
19542
19547
19549
19551
19554
19556
19557
19559
19561
19564
19565
19567
19568
19570
19571
19572
19573
19575
19576
19577
19579
19580
19581
19582
19583
19584
19585
19586
19590
19591
19592
19593
19596
19598
19599
19600
19602
19603
19604
19610
19615
19616
19623
19627
19628
19631
19632
19635
19636
19639
19641
19644
19646
19649
19650
19651
19652
19654
19655
19657
19658
19659
19660
19661
19662
19666
19667
19668
19669
19670
19671
19674
19675
19676
19678
19683
19684
19685
19688
19689
19691
19693
19696
19697
19698
19700
19703
19707
19708
19711
19712
19713
19716
19717
19718
19720
19722
19723
19726
19727
19728
19729
19730
19731
19732
19736
19739
19743
19745
19747
19748
19753
19755
19761
19763
19765
19766
19768
19773
19776
19777
19778
19783
19786
19789
19795
19798
19807
19809
19810
19814
19815
19816
19819
19820
19824
19825
19829
19830
19832
19833
19834
19835
19844
19845
19846
19849
19852
19859
19860
19867
19868
19869
19873
19874
19877
19878
19881
19882
19887
19888
19889
19890
19892
19893
19895
19899
19900
19901
19902
19910
19912
19913
19916
19920
19921
19923
19927
19930
19932
19933
19934
19936
19939
19942
19943
19944
19946
19948
19949
19950
19951
19953
19954
19957
19959
19960
19961
19962
19963
19968
19969
19972
19974
19976
19977
19980
19981
19983
19986
19987
19988
19989
19991
19995
20000
20001
20002
20003
20005
20006
20007
20009
20010
20011
20013
20017
20021
20022
20025
20026
20027
20028
20030
20031
20032
20034
20035
20038
20040
20042
20043
20046
20048
20049
20050
20052
20053
20058
20059
20060
20062
20063
20068
20069
20072
20073
20075
20076
20077
20078
20079
20080
20086
20087
20089
20090
20093
20094
20097
20100
20104
20105
20108
20109
20110
20112
20113
20115
20116
20122
20124
20125
20126
20131
20133
20134
20135
20139
20141
20142
20143
20144
20149
20152
20153
20156
20161
20164
20166
20167
20170
20171
20172
20173
20174
20178
20179
20181
20182
20183
20184
20185
20189
20190
20191
20195
20196
20197
20201
20206
20209
20211
20213
20214
20216
20218
20219
20220
20221
20222
20224
20225
20226
20227
20229
20230
20231
20233
20234
20235
20236
20238
20239
20240
20243
20244
20245
20248
20250
20253
20254
20255
20256
20257
20260
20262
20266
20268
20269
20274
20275
20276
20279
20280
20282
20286
20288
20290
20295
20296
20297
20302
20305
20306
20307
20308
20309
20312
20314
20315
20316
20318
20319
20320
20321
20322
20323
20326
20327
20328
20330
20331
20334
20335
20337
20338
20340
20342
20344
20346
20348
20351
20352
20357
20359
20360
20361
20362
20363
20365
20366
20367
20368
20370
20372
20374
20376
20377
20378
20379
20382
20384
20385
20388
20389
20390
20391
20392
20394
20397
20408
20409
20412
20413
20417
20420
20421
20422
20424
20427
20428
20432
20439
20440
20441
20444
20446
20447
20448
20449
20454
20455
20457
20459
20460
20461
20465
20467
20468
20470
20471
20472
20473
20475
20476
20477
20479
20480
20483
20488
20489
20490
20492
20495
20497
20499
20503
20504
20505
20507
20508
20509
20511
20512
20513
20519
20522
20524
20525
20529
20531
20532
20533
20536
20537
20539
20540
20543
20545
20547
20549
20552
20554
20555
20558
20559
20561
20564
20567
20569
20570
20572
20573
20574
20576
20577
20579
20580
20581
20585
20590
20592
20593
20594
20598
20600
20604
20607
20608
20609
20610
20616
20618
20622
20623
20624
20626
20627
20629
20630
20631
20632
20633
20634
20635
20636
20640
20641
20643
20644
20646
20647
20648
20653
20654
20655
20657
20659
20663
20665
20666
20667
20668
20671
20678
20680
20681
20682
20683
20684
20685
20687
20688
20690
20692
20693
20695
20696
20699
20702
20703
20707
20708
20711
20713
20714
20717
20721
20722
20723
20724
20728
20729
20730
20733
20734
20735
20738
20741
20742
20748
20750
20751
20752
20753
20754
20755
20756
20757
20759
20761
20762
20764
20765
20766
20767
20768
20769
20770
20772
20775
20776
20778
20781
20791
20792
20796
20800
20802
20804
20807
20808
20810
20811
20814
20815
20818
20819
20822
20825
20826
20827
20828
20831
20833
20834
20836
20837
20838
20840
20843
20849
20851
20852
20856
20858
20863
20864
20865
20868
20869
20871
20872
20874
20875
20877
20878
20879
20882
20884
20886
20887
20888
20889
20890
20891
20894
20895
20897
20905
20908
20911
20918
20920
20923
20926
20927
20929
20933
20934
20937
20938
20940
20943
20950
20951
20952
20953
20954
20955
20956
20958
20959
20960
20961
20966
20967
20968
20969
20970
20971
20972
20973
20974
20975
20978
20980
20981
20982
20984
20987
20990
20991
20992
20993
20995
20999
21000
21001
21003
21004
21005
21006
21009
21010
21013
21014
21016
21018
21019
21022
21023
21024
21025
21026
21027
21028
21029
21031
21033
21035
21038
21041
21042
21043
21046
21047
21048
21050
21052
21054
21055
21056
21059
21061
21063
21065
21066
21068
21069
21072
21076
21077
21078
21079
21080
21081
21088
21089
21090
21094
21096
21097
21099
21100
21102
21103
21104
21105
21106
21107
21108
21111
21112
21113
21116
21117
21118
21119
21121
21124
21126
21127
21129
21131
21134
21136
21138
21139
21142
21143
21144
21147
21148
21149
21152
21154
21155
21156
21157
21160
21161
21162
21163
21164
21166
21167
21171
21172
21174
21175
21177
21181
21183
21184
21186
21188
21189
21190
21192
21193
21196
21200
21201
21204
21205
21207
21211
21214
21215
21216
21218
21219
21221
21225
21226
21228
21230
21233
21234
21235
21236
21237
21238
21239
21240
21241
21244
21250
21251
21252
21253
21254
21256
21257
21258
21260
21261
21263
21264
21267
21270
21272
21273
21276
21278
21279
21282
21283
21285
21288
21290
21291
21292
21293
21294
21295
21299
21301
21303
21306
21307
21308
21309
21312
21314
21316
21322
21323
21324
21325
21327
21328
21329
21330
21333
21337
21340
21341
21342
21343
21344
21345
21349
21350
21351
21354
21356
21357
21362
21363
21365
21366
21368
21369
21373
21375
21377
21378
21384
21387
21389
21391
21394
21395
21396
21397
21399
21402
21405
21406
21411
21414
21417
21420
21422
21423
21426
21427
21430
21433
21435
21436
21440
21442
21449
21452
21453
21454
21455
21456
21457
21458
21459
21460
21461
21464
21466
21472
21473
21474
21475
21477
21479
21481
21483
21485
21487
21490
21491
21495
21496
21497
21498
21500
21503
21505
21506
21507
21510
21512
21515
21516
21518
21521
21523
21525
21526
21527
21530
21531
21532
21533
21537
21539
21541
21544
21547
21549
21551
21553
21555
21556
21559
21561
21562
21563
21564
21567
21568
21569
21571
21572
21573
21575
21578
21579
21589
21592
21593
21596
21600
21602
21604
21605
21610
21612
21613
21614
21616
21618
21620
21621
21623
21626
21628
21629
21632
21633
21634
21636
21637
21638
21640
21645
21647
21649
21650
21656
21657
21658
21661
21663
21664
21670
21671
21672
21676
21678
21679
21680
21682
21683
21684
21685
21689
21692
21693
21698
21699
21700
21701
21702
21703
21704
21706
21708
21710
21711
21714
21716
21721
21726
21727
21729
21730
21731
21733
21736
21738
21739
21740
21743
21744
21746
21747
21748
21753
21755
21756
21759
21761
21766
21769
21771
21772
21773
21777
21778
21782
21792
21793
21794
21795
21798
21800
21805
21806
21808
21811
21812
21813
21814
21816
21820
21822
21824
21825
21826
21827
21828
21833
21835
21837
21842
21848
21849
21851
21853
21854
21858
21859
21860
21861
21863
21864
21869
21871
21873
21874
21876
21879
21880
21881
21888
21890
21892
21893
21894
21895
21897
21898
21899
21901
21902
21904
21907
21910
21914
21916
21917
21920
21921
21922
21923
21924
21925
21928
21930
21931
21936
21940
21941
21945
21946
21950
21951
21954
21956
21958
21962
21963
21964
21965
21966
21969
21971
21973
21974
21976
21977
21979
21985
21986
21988
21989
21990
21991
21992
21994
21998
22000
22001
22002
22003
22005
22007
22010
22013
22016
22017
22018
22019
22021
22024
22027
22028
22030
22031
22032
22033
22036
22038
22039
22040
22041
22044
22045
22046
22048
22050
22052
22054
22057
22059
22060
22061
22063
22064
22066
22067
22068
22072
22073
22076
22080
22082
22085
22088
22090
22091
22092
22093
22094
22098
22100
22101
22106
22109
22112
22113
22116
22117
22120
22121
22123
22124
22125
22128
22129
22131
22132
22134
22136
22137
22140
22141
22142
22146
22147
22149
22150
22151
22154
22155
22157
22159
22163
22166
22167
22171
22172
22176
22177
22182
22184
22187
22188
22190
22195
22202
22204
22207
22208
22211
22216
22222
22225
22226
22227
22228
22230
22232
22233
22235
22236
22238
22241
22242
22244
22245
22246
22247
22248
22249
22250
22252
22253
22254
22256
22257
22258
22259
22266
22270
22271
22272
22273
22274
22280
22281
22283
22285
22287
22290
22291
22294
22295
22296
22297
22304
22305
22306
22307
22308
22309
22310
22313
22317
22319
22320
22322
22324
22326
22327
22328
22329
22330
22334
22335
22336
22339
22341
22344
22349
22353
22355
22360
22367
22370
22371
22372
22373
22377
22379
22380
22381
22384
22386
22387
22389
22395
22398
22401
22405
22406
22411
22413
22415
22418
22419
22420
22421
22424
22426
22428
22430
22431
22433
22434
22435
22440
22441
22445
22446
22447
22448
22449
22450
22451
22452
22453
22455
22456
22459
22460
22462
22465
22468
22469
22470
22471
22475
22476
22480
22481
22482
22484
22486
22487
22489
22491
22496
22501
22502
22503
22505
22509
22511
22512
22513
22514
22516
22517
22518
22521
22523
22524
22525
22527
22528
22530
22534
22536
22538
22541
22542
22545
22546
22547
22551
22553
22556
22558
22560
22561
22562
22563
22565
22569
22570
22577
22578
22579
22580
22583
22585
22587
22589
22590
22591
22592
22594
22595
22598
22599
22602
22608
22613
22617
22618
22619
22621
22622
22626
22627
22629
22631
22632
22634
22637
22640
22643
22644
22649
22650
22651
22652
22656
22657
22666
22668
22670
22671
22672
22673
22676
22678
22684
22686
22687
22690
22694
22695
22697
22698
22699
22700
22701
22703
22705
22706
22707
22709
22710
22711
22716
22718
22721
22724
22725
22728
22729
22730
22731
22732
22737
22740
22741
22743
22746
22747
22748
22749
22750
22755
22756
22757
22759
22760
22761
22762
22763
22765
22770
22771
22772
22773
22774
22775
22777
22778
22779
22784
22785
22789
22791
22799
22800
22802
22805
22807
22809
22812
22813
22815
22817
22821
22822
22824
22825
22826
22827
22828
22830
22838
22839
22840
22841
22842
22845
22846
22847
22848
22854
22857
22860
22861
22862
22863
22864
22868
22869
22870
22872
22873
22876
22877
22879
22881
22882
22883
22884
22885
22887
22889
22891
22892
22894
22897
22898
22902
22903
22906
22910
22912
22913
22916
22917
22918
22921
22924
22926
22927
22928
22930
22931
22933
22935
22939
22941
22942
22943
22946
22948
22953
22956
22957
22958
22961
22963
22965
22966
22967
22968
22970
22973
22976
22977
22979
22980
22981
22982
22983
22984
22986
22988
22992
22993
22994
22998
22999
23000
23001
23003
23007
23008
23010
23011
23012
23014
23015
23016
23018
23021
23022
23023
23024
23027
23032
23033
23036
23037
23038
23044
23046
23047
23049
23055
23057
23060
23061
23064
23065
23066
23067
23070
23072
23073
23077
23079
23083
23086
23087
23092
23093
23095
23098
23105
23107
23108
23109
23111
23112
23114
23118
23120
23122
23124
23126
23129
23130
23134
23135
23137
23141
23144
23146
23148
23150
23152
23155
23156
23157
23159
23163
23164
23165
23166
23173
23174
23177
23180
23181
23182
23184
23185
23186
23187
23190
23194
23196
23197
23200
23202
23207
23211
23214
23221
23222
23231
23233
23235
23239
23240
23241
23243
23244
23245
23251
23255
23256
23257
23258
23259
23263
23264
23265
23269
23271
23274
23276
23277
23279
23280
23281
23282
23283
23285
23287
23288
23290
23295
23296
23298
23300
23303
23304
23307
23310
23311
23314
23315
23317
23318
23319
23323
23329
23331
23332
23335
23336
23338
23339
23342
23343
23344
23345
23348
23351
23352
23353
23354
23355
23356
23357
23358
23359
23360
23361
23367
23368
23369
23371
23372
23373
23377
23378
23379
23380
23381
23382
23383
23384
23387
23388
23391
23394
23396
23397
23398
23399
23400
23402
23408
23409
23410
23411
23412
23417
23418
23419
23421
23424
23425
23426
23427
23428
23429
23437
23438
23442
23443
23446
23448
23451
23466
23468
23470
23472
23474
23477
23478
23479
23482
23484
23485
23486
23487
23491
23495
23498
23506
23507
23508
23511
23513
23515
23520
23521
23526
23527
23530
23531
23532
23533
23535
23538
23540
23543
23544
23546
23548
23549
23550
23554
23555
23556
23557
23559
23564
23566
23567
23571
23573
23577
23581
23584
23588
23592
23594
23595
23596
23603
23605
23606
23610
23611
23614
23615
23618
23619
23622
23626
23628
23631
23632
23633
23635
23637
23638
23640
23641
23642
23644
23645
23647
23648
23650
23658
23661
23663
23664
23665
23668
23669
23672
23673
23674
23676
23677
23680
23681
23683
23685
23688
23690
23693
23697
23698
23700
23701
23702
23704
23708
23709
23713
23714
23718
23719
23722
23723
23731
23732
23733
23734
23735
23737
23740
23743
23744
23746
23748
23751
23752
23753
23756
23758
23760
23762
23764
23769
23771
23775
23776
23777
23778
23783
23786
23791
23793
23795
23796
23799
23801
23804
23806
23807
23809
23810
23811
23812
23813
23814
23815
23817
23819
23822
23823
23829
23832
23833
23834
23835
23836
23837
23838
23841
23846
23849
23851
23852
23853
23855
23856
23857
23859
23860
23862
23866
23870
23873
23875
23877
23878
23879
23880
23883
23884
23885
23890
23891
23892
23893
23894
23895
23896
23899
23903
23905
23907
23908
23909
23912
23914
23915
23916
23917
23919
23922
23923
23925
23932
23934
23935
23938
23941
23944
23945
23946
23948
23949
23950
23951
23952
23954
23956
23958
23959
23961
23964
23966
23967
23971
23975
23977
23979
23982
23985
23986
23989
23996
23997
24001
24002
24004
24006
24007
24009
24010
24013
24014
24022
24024
24025
24026
24028
24030
24032
24033
24036
24037
24038
24040
24041
24043
24047
24048
24049
24053
24054
24056
24058
24063
24065
24075
24078
24079
24080
24081
24083
24084
24085
24090
24094
24095
24096
24097
24098
24100
24101
24102
24105
24106
24109
24115
24116
24121
24123
24124
24127
24138
24141
24143
24146
24147
24149
24154
24156
24160
24163
24167
24168
24170
24171
24173
24178
24183
24184
24186
24187
24188
24190
24191
24193
24197
24199
24200
24202
24204
24205
24206
24207
24209
24210
24211
24213
24217
24218
24219
24221
24222
24223
24224
24226
24228
24229
24230
24231
24235
24236
24237
24240
24242
24244
24245
24247
24250
24251
24252
24254
24256
24261
24265
24266
24269
24270
24272
24274
24275
24276
24285
24288
24289
24290
24293
24295
24296
24297
24298
24300
24302
24305
24310
24311
24312
24314
24315
24317
24319
24320
24321
24327
24330
24332
24333
24334
24336
24337
24339
24342
24343
24344
24346
24348
24350
24358
24360
24363
24364
24366
24367
24368
24369
24370
24374
24376
24377
24382
24383
24384
24385
24388
24390
24392
24393
24395
24397
24399
24400
24401
24403
24407
24412
24422
24425
24427
24432
24436
24439
24440
24442
24443
24446
24451
24453
24455
24456
24458
24459
24460
24461
24462
24463
24467
24468
24469
24470
24472
24475
24476
24478
24479
24481
24484
24485
24491
24501
24502
24503
24504
24505
24507
24508
24509
24510
24512
24513
24515
24519
24522
24523
24526
24527
24528
24533
24535
24536
24542
24545
24546
24547
24551
24553
24554
24555
24556
24557
24559
24561
24563
24565
24566
24568
24569
24570
24571
24573
24578
24582
24583
24584
24586
24590
24591
24593
24595
24596
24600
24602
24603
24606
24609
24612
24613
24617
24621
24622
24624
24625
24628
24631
24633
24634
24638
24641
24642
24643
24645
24647
24649
24654
24656
24658
24659
24660
24661
24662
24663
24664
24668
24669
24672
24679
24687
24689
24690
24693
24698
24699
24701
24702
24704
24712
24715
24717
24720
24721
24722
24723
24724
24725
24726
24727
24729
24730
24731
24732
24733
24734
24735
24736
24738
24742
24746
24747
24749
24751
24752
24759
24764
24765
24772
24775
24780
24781
24782
24785
24787
24790
24791
24792
24793
24794
24799
24801
24802
24806
24807
24812
24813
24817
24818
24821
24824
24826
24828
24831
24838
24842
24845
24846
24850
24851
24852
24854
24856
24860
24862
24863
24864
24865
24866
24868
24869
24870
24878
24880
24881
24884
24887
24888
24890
24891
24894
24897
24902
24903
24904
24905
24909
24911
24915
24918
24919
24921
24927
24930
24935
24938
24939
24942
24944
24946
24952
24955
24959
24960
24963
24964
24965
24967
24968
24970
24972
24973
24974
24976
24979
24983
24985
24987
24988
24990
24991
24992
24993
24999
25000
25002
25004
25005
25006
25007
25012
25016
25017
25018
25019
25020
25025
25027
25030
25031
25033
25034
25038
25039
25040
25041
25042
25044
25045
25047
25050
25051
25052
25053
25054
25055
25057
25062
25063
25064
25067
25068
25072
25074
25075
25078
25079
25081
25082
25083
25084
25086
25092
25093
25094
25095
25096
25098
25099
25101
25103
25105
25108
25111
25112
25113
25114
25116
25118
25122
25126
25128
25130
25133
25136
25137
25140
25141
25146
25147
25148
25149
25152
25153
25157
25160
25162
25166
25167
25168
25170
25171
25172
25175
25177
25178
25181
25185
25186
25188
25192
25193
25199
25200
25202
25206
25207
25208
25209
25210
25212
25214
25215
25216
25217
25218
25221
25223
25224
25225
25229
25232
25234
25241
25243
25244
25246
25247
25249
25250
25252
25253
25255
25256
25258
25260
25261
25264
25265
25267
25270
25278
25283
25284
25287
25289
25293
25294
25296
25298
25299
25300
25303
25304
25305
25307
25310
25311
25312
25314
25317
25320
25322
25324
25325
25328
25331
25333
25334
25336
25337
25338
25340
25344
25346
25349
25351
25352
25353
25355
25357
25365
25367
25371
25374
25380
25382
25386
25387
25389
25393
25395
25402
25408
25410
25412
25416
25419
25425
25426
25427
25428
25429
25432
25433
25434
25436
25440
25442
25443
25446
25449
25451
25456
25459
25460
25466
25467
25468
25469
25470
25471
25472
25473
25476
25478
25480
25487
25488
25497
25498
25499
25501
25502
25503
25506
25507
25509
25510
25516
25521
25524
25528
25530
25532
25535
25537
25538
25539
25543
25546
25547
25549
25551
25553
25555
25558
25559
25561
25566
25569
25570
25571
25572
25574
25580
25586
25587
25588
25591
25598
25599
25600
25602
25605
25609
25610
25611
25613
25621
25622
25624
25626
25627
25628
25629
25631
25632
25633
25635
25640
25643
25647
25654
25658
25659
25662
25663
25664
25665
25667
25668
25673
25675
25681
25682
25684
25688
25689
25691
25692
25693
25695
25696
25704
25705
25708
25709
25710
25711
25712
25714
25715
25716
25718
25719
25720
25721
25722
25725
25730
25731
25732
25736
25738
25741
25745
25748
25749
25754
25756
25758
25759
25762
25766
25770
25771
25773
25776
25779
25780
25781
25782
25785
25786
25787
25790
25791
25792
25793
25794
25798
25802
25804
25805
25806
25810
25812
25813
25814
25822
25823
25825
25827
25828
25831
25832
25833
25835
25836
25837
25838
25841
25844
25848
25849
25851
25852
25857
25862
25863
25864
25866
25869
25872
25875
25876
25877
25880
25883
25884
25885
25889
25891
25893
25895
25896
25899
25901
25902
25903
25905
25907
25910
25911
25914
25917
25918
25924
25927
25928
25930
25931
25932
25933
25936
25940
25941
25947
25949
25950
25953
25960
25961
25962
25966
25968
25969
25970
25971
25976
25992
25993
25994
25997
26002
26004
26012
26014
26019
26022
26023
26024
26025
26026
26033
26035
26037
26038
26042
26044
26049
26050
26051
26055
26056
26060
26062
26063
26065
26067
26068
26072
26077
26079
26084
26091
26094
26095
26096
26098
26101
26102
26104
26105
26107
26108
26115
26118
26119
26121
26122
26123
26124
26126
26127
26128
26132
26134
26137
26139
26140
26141
26143
26148
26150
26153
26156
26157
26158
26159
26162
26164
26167
26168
26170
26172
26173
26182
26183
26184
26185
26189
26190
26191
26193
26194
26196
26197
26200
26201
26202
26204
26205
26206
26207
26208
26209
26211
26214
26222
26223
26224
26229
26233
26235
26236
26237
26239
26242
26243
26250
26253
26255
26257
26259
26263
26265
26270
26271
26274
26275
26277
26278
26281
26284
26287
26288
26289
26291
26294
26297
26299
26300
26303
26308
26310
26311
26312
26313
26316
26317
26320
26321
26324
26325
26326
26327
26329
26331
26334
26343
26344
26350
26351
26352
26353
26355
26356
26357
26358
26359
26360
26362
26363
26366
26368
26370
26372
26380
26381
26384
26386
26388
26396
26398
26401
26403
26404
26406
26407
26412
26414
26419
26425
26427
26429
26433
26434
26436
26440
26441
26442
26443
26446
26450
26453
26456
26464
26468
26473
26477
26487
26488
26490
26492
26493
26494
26495
26501
26502
26503
26505
26507
26512
26515
26516
26517
26519
26520
26521
26524
26526
26528
26530
26532
26533
26534
26535
26537
26540
26543
26545
26546
26547
26548
26549
26550
26551
26552
26554
26556
26558
26561
26564
26565
26569
26570
26571
26572
26574
26581
26583
26585
26587
26596
26605
26606
26608
26610
26612
26613
26617
26618
26619
26621
26623
26624
26627
26628
26634
26637
26640
26642
26643
26644
26646
26651
26652
26653
26655
26657
26660
26661
26666
26669
26670
26672
26674
26678
26681
26685
26686
26689
26690
26693
26699
26701
26702
26703
26706
26708
26709
26714
26723
26725
26727
26731
26733
26734
26738
26739
26743
26748
26750
26751
26753
26754
26755
26756
26759
26760
26762
26763
26764
26765
26766
26768
26769
26772
26777
26778
26782
26785
26786
26790
26791
26793
26804
26805
26806
26807
26808
26812
26816
26817
26820
26821
26822
26824
26829
26834
26837
26838
26841
26843
26847
26849
26850
26857
26858
26862
26863
26864
26865
26867
26875
26876
26878
26880
26884
26886
26887
26889
26893
26898
26900
26901
26902
26903
26907
26908
26909
26911
26912
26915
26920
26921
26923
26926
26930
26932
26934
26938
26941
26943
26944
26946
26951
26952
26953
26954
26955
26956
26961
26964
26972
26974
26975
26981
26982
26984
26985
26986
26988
26990
26993
26996
26998
27005
27006
27009
27011
27016
27017
27018
27020
27021
27022
27025
27028
27034
27038
27041
27043
27044
27047
27050
27051
27052
27053
27054
27056
27059
27063
27072
27073
27080
27083
27084
27086
27089
27090
27094
27095
27101
27102
27104
27106
27107
27108
27110
27111
27113
27114
27116
27119
27120
27121
27122
27123
27124
27127
27129
27130
27135
27139
27140
27143
27150
27153
27160
27164
27166
27167
27168
27171
27172
27175
27178
27182
27183
27188
27189
27190
27191
27192
27194
27195
27196
27197
27199
27200
27202
27203
27204
27205
27206
27210
27211
27212
27213
27214
27215
27218
27222
27224
27225
27226
27227
27228
27236
27240
27245
27247
27251
27253
27254
27255
27256
27259
27260
27262
27263
27264
27265
27266
27273
27275
27280
27281
27285
27287
27288
27292
27293
27299
27304
27307
27310
27313
27315
27324
27327
27335
27337
27339
27341
27344
27345
27346
27350
27351
27352
27353
27354
27355
27356
27358
27360
27362
27363
27365
27367
27370
27372
27376
27379
27380
27381
27382
27384
27385
27386
27389
27390
27391
27392
27393
27395
27396
27398
27399
27403
27406
27408
27410
27412
27418
27420
27421
27423
27424
27425
27428
27430
27432
27433
27435
27437
27443
27445
27446
27450
27453
27461
27464
27465
27467
27471
27472
27475
27477
27478
27482
27483
27484
27491
27502
27510
27512
27513
27514
27517
27518
27522
27525
27528
27530
27531
27532
27533
27534
27536
27538
27539
27540
27543
27545
27547
27548
27549
27551
27554
27556
27558
27559
27565
27567
27568
27571
27572
27580
27583
27584
27585
27586
27587
27589
27590
27593
27595
27596
27597
27600
27602
27603
27604
27609
27610
27611
27616
27619
27621
27622
27628
27629
27630
27631
27632
27639
27641
27642
27649
27650
27653
27657
27658
27661
27662
27664
27665
27666
27667
27670
27674
27675
27676
27678
27679
27682
27686
27690
27692
27693
27694
27695
27699
27700
27702
27709
27710
27712
27714
27718
27719
27720
27724
27727
27730
27731
27734
27735
27736
27737
27738
27739
27742
27743
27745
27747
27748
27750
27751
27753
27756
27757
27758
27762
27764
27766
27767
27770
27772
27775
27779
27780
27781
27784
27786
27787
27790
27793
27794
27795
27799
27803
27806
27811
27815
27817
27819
27821
27823
27827
27828
27829
27833
27837
27840
27841
27843
27844
27845
27850
27852
27853
27854
27857
27858
27860
27863
27864
27865
27867
27869
27870
27877
27879
27882
27884
27891
27892
27894
27896
27897
27900
27902
27903
27906
27911
27912
27915
27919
27921
27922
27923
27924
27925
27926
27929
27930
27933
27935
27936
27938
27942
27947
27949
27950
27953
27958
27959
27960
27962
27964
27965
27966
27967
27971
27973
27974
27976
27979
27980
27981
27991
27992
27995
27996
27997
27998
27999
28000
28001
28009
28010
28011
28013
28014
28015
28017
28020
28021
28024
28028
28032
28036
28037
28038
28040
28042
28043
28044
28048
28049
28051
28057
28059
28060
28062
28063
28065
28066
28068
28069
28072
28073
28074
28075
28079
28080
28081
28085
28091
28092
28095
28098
28100
28104
28105
28106
28109
28110
28114
28115
28121
28125
28126
28127
28133
28134
28136
28137
28138
28140
28142
28149
28151
28152
28156
28161
28162
28164
28170
28171
28173
28177
28180
28185
28186
28191
28193
28199
28200
28201
28210
28214
28215
28216
28217
28218
28219
28221
28224
28226
28230
28232
28233
28234
28235
28236
28237
28238
28239
28240
28241
28244
28252
28253
28254
28255
28257
28258
28260
28261
28262
28263
28273
28274
28276
28279
28280
28285
28287
28288
28295
28296
28297
28298
28299
28301
28302
28305
28306
28312
28313
28317
28319
28320
28323
28325
28327
28328
28336
28339
28340
28341
28348
28354
28356
28357
28359
28360
28362
28365
28370
28372
28377
28378
28385
28390
28391
28392
28395
28397
28399
28401
28404
28405
28407
28408
28409
28412
28416
28417
28418
28422
28427
28428
28430
28431
28434
28436
28439
28441
28442
28445
28446
28450
28454
28456
28457
28458
28459
28461
28463
28466
28469
28470
28471
28472
28475
28476
28477
28481
28485
28487
28488
28495
28496
28498
28504
28510
28513
28514
28516
28519
28520
28524
28526
28528
28530
28531
28535
28537
28538
28539
28541
28542
28545
28547
28552
28556
28560
28562
28563
28565
28566
28568
28578
28584
28586
28592
28593
28596
28598
28602
28604
28606
28607
28609
28610
28618
28621
28622
28625
28627
28628
28631
28632
28633
28642
28647
28648
28649
28650
28652
28658
28661
28662
28663
28666
28671
28675
28676
28677
28679
28680
28682
28684
28685
28687
28688
28689
28692
28697
28701
28705
28707
28708
28712
28713
28714
28715
28717
28723
28726
28729
28731
28732
28736
28737
28738
28739
28740
28742
28746
28750
28751
28755
28758
28759
28763
28767
28770
28771
28778
28782
28784
28787
28788
28789
28791
28803
28804
28817
28819
28820
28821
28825
28829
28830
28831
28833
28837
28843
28844
28847
28854
28856
28857
28860
28862
28864
28865
28868
28873
28874
28875
28876
28879
28881
28884
28885
28889
28893
28894
28895
28898
28899
28902
28906
28908
28916
28919
28920
28921
28923
28924
28926
28931
28934
28942
28945
28946
28949
28950
28952
28953
28955
28957
28958
28962
28964
28973
28974
28979
28980
28981
28982
28983
28985
28988
28989
28990
28991
28995
28999
29003
29005
29006
29007
29012
29014
29015
29016
29017
29018
29019
29026
29029
29031
29033
29037
29038
29041
29043
29045
29046
29051
29055
29058
29059
29062
29063
29064
29077
29081
29085
29089
29090
29094
29096
29097
29100
29103
29105
29106
29108
29109
29110
29112
29113
29114
29115
29116
29121
29122
29127
29130
29131
29133
29135
29136
29138
29148
29149
29153
29157
29159
29162
29163
29165
29166
29174
29177
29178
29179
29182
29183
29189
29190
29192
29193
29202
29208
29210
29211
29212
29216
29220
29221
29222
29229
29234
29235
29237
29253
29254
29257
29259
29265
29269
29270
29273
29279
29280
29281
29282
29283
29284
29287
29289
29290
29292
29293
29294
29296
29297
29298
29302
29304
29309
29311
29313
29314
29316
29317
29318
29321
29324
29326
29327
29328
29330
29331
29332
29335
29337
29343
29346
29351
29353
29355
29357
29358
29361
29362
29363
29365
29369
29370
29371
29378
29380
29381
29382
29388
29390
29392
29393
29395
29396
29397
29398
29400
29404
29407
29408
29410
29413
29416
29420
29421
29422
29423
29424
29425
29426
29430
29434
29435
29436
29438
29440
29443
29444
29447
29450
29454
29456
29457
29458
29463
29464
29467
29468
29470
29471
29472
29473
29475
29478
29479
29482
29485
29487
29490
29491
29492
29493
29495
29500
29501
29502
29505
29506
29508
29511
29512
29518
29527
29533
29534
29539
29540
29541
29542
29543
29544
29545
29549
29551
29552
29554
29561
29562
29563
29567
29569
29570
29571
29572
29574
29576
29578
29581
29582
29584
29587
29588
29591
29592
29593
29594
29595
29596
29597
29599
29602
29607
29609
29611
29612
29616
29617
29618
29619
29621
29622
29625
29629
29631
29635
29637
29642
29643
29647
29648
29649
29650
29654
29655
29657
29663
29664
29665
29670
29671
29672
29675
29677
29683
29686
29688
29689
29691
29694
29696
29697
29699
29700
29701
29704
29709
29712
29715
29720
29723
29725
29727
29730
29735
29744
29749
29751
29752
29754
29755
29760
29761
29762
29763
29765
29768
29769
29774
29778
29779
29781
29783
29784
29786
29787
29789
29794
29796
29797
29799
29806
29809
29812
29820
29823
29826
29828
29830
29832
29833
29838
29839
29840
29844
29845
29851
29852
29854
29858
29859
29860
29865
29866
29868
29869
29871
29872
29873
29875
29879
29880
29886
29887
29889
29890
29891
29893
29897
29898
29899
29903
29905
29906
29907
29910
29914
29916
29918
29919
29921
29924
29925
29926
29928
29932
29933
29935
29940
29941
29953
29956
29957
29958
29964
29965
29966
29968
29975
29976
29980
29983
29984
29986
29988
29991
29992
29993
29997
29998
29999
30001
30002
30003
30007
30009
30010
30011
30014
30015
30017
30018
30019
30021
30022
30027
30029
30030
30036
30037
30038
30039
30040
30045
30047
30049
30052
30054
30056
30057
30058
30064
30069
30070
30074
30075
30076
30081
30083
30084
30086
30087
30090
30097
30098
30101
30102
30104
30106
30107
30108
30114
30118
30119
30120
30122
30123
30124
30126
30127
30128
30129
30135
30137
30139
30140
30141
30145
30146
30147
30149
30150
30151
30152
30153
30154
30155
30157
30160
30162
30171
30174
30177
30179
30180
30182
30184
30185
30189
30190
30192
30193
30195
30198
30200
30202
30204
30207
30211
30212
30214
30216
30218
30220
30226
30230
30231
30235
30236
30237
30243
30245
30250
30251
30252
30255
30258
30260
30261
30262
30268
30269
30270
30271
30276
30278
30280
30284
30292
30293
30294
30299
30304
30308
30310
30315
30316
30319
30323
30324
30326
30331
30333
30334
30336
30337
30339
30345
30346
30348
30351
30358
30359
30361
30363
30364
30367
30368
30370
30371
30373
30376
30377
30379
30383
30389
30394
30399
30400
30402
30405
30406
30407
30411
30412
30413
30415
30421
30427
30430
30435
30437
30438
30441
30443
30449
30451
30452
30453
30456
30461
30462
30467
30470
30472
30474
30475
30484
30488
30491
30492
30494
30496
30498
30499
30502
30503
30506
30507
30508
30509
30510
30515
30518
30519
30520
30521
30522
30523
30524
30525
30529
30531
30535
30537
30539
30542
30546
30551
30553
30558
30559
30561
30563
30567
30568
30571
30573
30575
30576
30579
30582
30591
30594
30596
30597
30600
30601
30603
30611
30613
30622
30623
30634
30635
30636
30637
30640
30642
30644
30646
30647
30648
30649
30650
30652
30653
30654
30656
30657
30659
30662
30668
30670
30672
30675
30676
30677
30678
30683
30684
30686
30687
30688
30690
30693
30695
30697
30699
30703
30704
30710
30713
30715
30719
30724
30725
30727
30728
30730
30731
30733
30735
30738
30739
30740
30742
30744
30745
30747
30755
30756
30758
30761
30762
30763
30764
30766
30775
30778
30781
30783
30784
30785
30788
30792
30794
30798
30800
30804
30805
30806
30808
30809
30810
30812
30815
30816
30819
30821
30823
30824
30825
30833
30835
30836
30837
30841
30843
30847
30851
30852
30854
30863
30869
30871
30875
30883
30885
30888
30889
30890
30892
30896
30899
30900
30901
30903
30906
30909
30910
30912
30914
30915
30917
30918
30919
30923
30924
30927
30928
30930
30933
30941
30942
30951
30956
30959
30960
30961
30963
30965
30969
30972
30973
30974
30976
30977
30978
30982
30984
30986
30987
30988
30996
30997
30998
30999
31000
31005
31010
31011
31012
31013
31015
31024
31028
31030
31032
31034
31036
31037
31038
31039
31047
31049
31051
31053
31056
31057
31058
31061
31062
31063
31064
31065
31071
31072
31073
31074
31076
31081
31082
31084
31085
31086
31088
31091
31092
31094
31097
31098
31099
31100
31101
31105
31108
31114
31122
31123
31127
31128
31129
31133
31134
31135
31136
31138
31143
31144
31150
31151
31153
31154
31162
31165
31167
31168
31169
31172
31173
31174
31180
31182
31183
31184
31186
31189
31190
31192
31195
31196
31198
31199
31204
31205
31206
31207
31208
31213
31219
31223
31226
31227
31228
31229
31230
31233
31234
31236
31241
31243
31244
31251
31259
31261
31262
31264
31265
31268
31270
31271
31272
31273
31275
31276
31278
31285
31286
31287
31291
31297
31302
31303
31304
31307
31314
31315
31318
31324
31325
31326
31327
31328
31337
31338
31339
31341
31343
31346
31347
31350
31354
31355
31358
31360
31363
31367
31374
31376
31377
31379
31385
31386
31389
31391
31392
31394
31399
31403
31404
31408
31410
31412
31426
31428
31430
31431
31435
31436
31437
31438
31439
31440
31442
31443
31445
31450
31451
31454
31456
31462
31467
31470
31471
31474
31479
31481
31483
31484
31485
31487
31488
31489
31490
31491
31492
31494
31496
31498
31499
31500
31502
31505
31510
31511
31516
31517
31524
31525
31529
31531
31541
31544
31547
31548
31555
31556
31557
31558
31561
31562
31563
31564
31565
31569
31572
31575
31579
31584
31588
31591
31593
31594
31595
31596
31598
31599
31600
31606
31607
31611
31612
31616
31617
31619
31621
31625
31626
31629
31637
31640
31646
31647
31650
31654
31655
31656
31659
31661
31662
31663
31665
31670
31671
31673
31677
31685
31686
31692
31695
31696
31705
31706
31713
31720
31724
31725
31727
31733
31734
31735
31737
31738
31744
31745
31748
31750
31751
31752
31753
31760
31764
31765
31766
31768
31769
31770
31774
31776
31779
31781
31784
31788
31789
31797
31802
31805
31810
31812
31813
31816
31817
31820
31824
31826
31838
31841
31846
31849
31852
31855
31858
31859
31861
31862
31864
31871
31874
31875
31878
31879
31881
31884
31886
31887
31888
31891
31896
31899
31901
31902
31909
31910
31911
31913
31918
31919
31920
31921
31925
31928
31930
31931
31932
31935
31940
31941
31942
31943
31945
31954
31957
31959
31961
31966
31968
31970
31972
31973
31974
31978
31979
31980
31984
31985
31986
31988
31992
31995
31996
31997
32002
32003
32005
32006
32007
32010
32011
32013
32015
32026
32028
32029
32031
32035
32039
32045
32049
32052
32056
32061
32062
32064
32073
32074
32076
32083
32084
32086
32087
32088
32089
32091
32096
32099
32102
32107
32108
32114
32115
32116
32117
32119
32120
32127
32129
32130
32131
32133
32135
32137
32144
32145
32147
32149
32153
32154
32156
32157
32163
32164
32166
32168
32169
32174
32176
32184
32187
32188
32190
32191
32194
32198
32201
32205
32210
32218
32221
32227
32228
32230
32237
32239
32241
32248
32249
32250
32251
32252
32253
32254
32256
32257
32261
32277
32282
32283
32284
32286
32288
32289
32290
32293
32296
32298
32299
32300
32302
32303
32304
32306
32310
32313
32314
32320
32321
32325
32327
32328
32330
32331
32332
32335
32337
32343
32344
32345
32346
32352
32358
32360
32362
32364
32365
32368
32370
32375
32376
32378
32379
32380
32381
32382
32384
32387
32388
32391
32392
32395
32396
32404
32410
32412
32416
32421
32424
32425
32427
32428
32433
32437
32439
32440
32445
32446
32447
32449
32451
32454
32457
32462
32467
32468
32471
32477
32478
32480
32482
32483
32487
32488
32490
32493
32496
32498
32503
32508
32515
32516
32517
32520
32521
32524
32525
32526
32530
32532
32534
32537
32541
32544
32550
32555
32557
32559
32563
32567
32570
32571
32572
32573
32577
32579
32582
32584
32590
32595
32597
32599
32603
32607
32611
32612
32615
32619
32623
32624
32625
32626
32631
32633
32634
32635
32636
32637
32639
32645
32650
32656
32657
32658
32659
32663
32664
32665
32666
32671
32672
32673
32674
32680
32681
32687
32688
32689
32690
32691
32692
32693
32698
32703
32712
32715
32717
32719
32720
32723
32728
32730
32734
32735
32740
32741
32744
32745
32748
32749
32750
32753
32769
32770
32772
32773
32778
32781
32783
32784
32785
32787
32788
32793
32794
32795
32797
32798
32802
32807
32809
32814
32815
32819
32820
32821
32822
32827
32828
32829
32832
32834
32835
32837
32838
32844
32848
32850
32852
32853
32854
32856
32861
32862
32865
32866
32868
32875
32879
32880
32881
32882
32883
32887
32892
32895
32897
32899
32907
32915
32916
32917
32918
32920
32921
32923
32924
32925
32929
32931
32935
32939
32942
32943
32944
32945
32949
32954
32956
32957
32958
32961
32963
32964
32965
32967
32971
32972
32979
32982
32983
32990
32995
32998
33005
33006
33011
33015
33017
33018
33025
33028
33030
33031
33034
33041
33045
33055
33057
33059
33061
33066
33067
33069
33074
33075
33079
33083
33088
33089
33091
33093
33094
33095
33098
33101
33105
33110
33111
33112
33113
33115
33119
33120
33126
33129
33142
33145
33146
33147
33153
33154
33155
33159
33161
33165
33177
33180
33182
33184
33185
33188
33191
33192
33203
33204
33208
33210
33218
33219
33220
33222
33224
33229
33231
33233
33236
33238
33239
33241
33244
33251
33254
33256
33259
33261
33262
33263
33265
33268
33269
33271
33273
33277
33278
33283
33286
33287
33289
33291
33293
33295
33296
33298
33299
33300
33301
33302
33303
33306
33310
33311
33312
33315
33318
33324
33326
33330
33331
33332
33337
33341
33342
33343
33344
33346
33350
33351
33356
33357
33358
33360
33363
33364
33371
33376
33379
33380
33381
33382
33384
33385
33388
33390
33395
33400
33401
33403
33405
33406
33407
33410
33411
33413
33418
33421
33424
33425
33426
33430
33431
33433
33436
33439
33441
33444
33445
33447
33448
33449
33455
33461
33462
33464
33467
33470
33476
33479
33483
33488
33490
33501
33502
33508
33509
33513
33519
33524
33525
33527
33528
33532
33534
33535
33536
33539
33540
33541
33542
33544
33550
33553
33555
33557
33558
33562
33565
33570
33578
33579
33580
33583
33584
33585
33586
33591
33593
33601
33602
33603
33606
33608
33609
33611
33614
33617
33621
33625
33632
33633
33634
33635
33639
33640
33642
33649
33651
33652
33662
33667
33671
33673
33675
33681
33686
33687
33691
33692
33693
33694
33696
33702
33709
33711
33713
33718
33723
33724
33725
33729
33730
33733
33735
33740
33741
33742
33744
33752
33753
33756
33761
33762
33763
33764
33767
33768
33771
33774
33775
33776
33777
33779
33782
33787
33789
33791
33793
33795
33797
33799
33801
33803
33805
33807
33810
33813
33816
33817
33822
33825
33829
33831
33833
33836
33837
33838
33840
33848
33850
33853
33857
33861
33869
33873
33877
33880
33886
33887
33889
33894
33898
33900
33901
33902
33904
33905
33911
33915
33917
33924
33928
33930
33931
33932
33934
33939
33948
33949
33950
33955
33957
33963
33970
33972
33973
33974
33985
33989
33990
33992
33993
33994
33996
34002
34005
34012
34015
34021
34023
34024
34025
34027
34028
34030
34032
34033
34034
34035
34040
34042
34043
34045
34046
34047
34048
34051
34053
34055
34058
34059
34062
34066
34070
34071
34074
34075
34077
34080
34082
34084
34085
34086
34088
34093
34094
34098
34105
34110
34111
34114
34116
34118
34122
34125
34126
34130
34131
34132
34136
34141
34144
34145
34147
34149
34150
34157
34163
34164
34167
34169
34170
34171
34174
34176
34177
34180
34191
34195
34196
34204
34210
34211
34217
34224
34228
34232
34234
34236
34237
34238
34242
34248
34250
34253
34255
34257
34259
34261
34262
34266
34271
34274
34276
34279
34282
34283
34284
34287
34288
34289
34290
34292
34294
34298
34307
34309
34310
34311
34313
34314
34315
34318
34322
34323
34325
34327
34329
34330
34333
34337
34338
34343
34344
34346
34352
34356
34365
34367
34371
34373
34376
34377
34380
34384
34387
34391
34392
34395
34397
34398
34407
34410
34414
34419
34420
34422
34425
34426
34432
34437
34440
34447
34452
34455
34459
34464
34465
34466
34468
34469
34470
34473
34475
34482
34483
34490
34491
34493
34494
34499
34500
34506
34507
34508
34510
34512
34513
34519
34521
34523
34524
34532
34533
34535
34536
34537
34541
34542
34543
34547
34557
34558
34559
34563
34564
34568
34569
34570
34574
34583
34586
34587
34589
34600
34601
34603
34608
34613
34616
34620
34624
34625
34626
34628
34633
34635
34638
34640
34643
34647
34648
34651
34652
34654
34660
34663
34669
34672
34674
34676
34681
34682
34685
34686
34693
34694
34707
34708
34711
34714
34716
34718
34719
34725
34726
34729
34734
34735
34736
34742
34744
34746
34748
34753
34755
34757
34762
34763
34764
34766
34767
34771
34772
34773
34774
34775
34780
34781
34786
34789
34793
34795
34797
34801
34808
34810
34811
34816
34820
34822
34825
34826
34828
34831
34833
34844
34846
34848
34849
34852
34854
34855
34856
34858
34865
34866
34868
34872
34873
34874
34878
34879
34880
34881
34886
34887
34890
34893
34908
34912
34915
34916
34918
34923
34926
34929
34932
34933
34936
34941
34942
34944
34947
34948
34950
34952
34960
34962
34966
34970
34972
34973
34974
34985
34986
34987
34988
34992
34995
34996
34997
35000
35002
35003
35005
35007
35009
35011
35012
35015
35016
35018
35022
35025
35027
35029
35034
35035
35036
35037
35039
35040
35043
35044
35047
35061
35067
35072
35073
35076
35080
35084
35090
35091
35095
35096
35100
35102
35103
35104
35114
35116
35118
35121
35122
35123
35124
35125
35126
35127
35128
35131
35133
35134
35136
35137
35138
35141
35142
35145
35146
35147
35150
35156
35157
35161
35162
35165
35166
35168
35169
35171
35172
35177
35184
35188
35190
35196
35199
35205
35209
35210
35216
35218
35221
35222
35226
35231
35232
35234
35238
35239
35240
35241
35248
35251
35260
35273
35274
35275
35276
35281
35282
35285
35286
35288
35292
35294
35296
35299
35302
35306
35308
35309
35313
35318
35319
35324
35329
35331
35337
35341
35344
35349
35354
35355
35358
35359
35363
35368
35373
35374
35375
35378
35380
35386
35393
35394
35395
35397
35398
35399
35400
35404
35406
35409
35413
35414
35419
35422
35425
35426
35427
35431
35434
35435
35437
35438
35441
35451
35452
35460
35463
35464
35467
35473
35474
35475
35477
35479
35481
35482
35490
35493
35496
35497
35504
35509
35523
35525
35528
35532
35535
35536
35537
35538
35539
35542
35543
35546
35547
35548
35550
35551
35555
35559
35562
35564
35568
35571
35575
35577
35585
35590
35594
35602
35603
35604
35605
35606
35613
35614
35617
35622
35623
35629
35636
35643
35647
35648
35653
35657
35662
35667
35668
35672
35673
35675
35678
35679
35680
35688
35689
35690
35691
35692
35693
35695
35701
35704
35709
35711
35713
35716
35718
35719
35721
35726
35727
35729
35732
35737
35740
35744
35746
35748
35750
35751
35765
35767
35778
35784
35786
35787
35790
35793
35794
35804
35808
35809
35810
35812
35818
35821
35824
35840
35845
35847
35848
35849
35851
35853
35859
35861
35862
35863
35865
35867
35868
35873
35875
35880
35881
35883
35884
35885
35889
35894
35895
35900
35901
35904
35911
35912
35920
35925
35931
35932
35934
35936
35937
35940
35945
35946
35947
35949
35956
35957
35959
35960
35967
35970
35971
35974
35978
35980
35982
35983
35985
35988
35989
35995
35996
36000
36004
36008
36009
36010
36012
36013
36015
36016
36018
36021
36022
36025
36026
36027
36028
36034
36036
36038
36042
36046
36048
36049
36052
36053
36066
36072
36073
36075
36079
36080
36087
36088
36093
36097
36098
36100
36101
36105
36106
36109
36114
36118
36120
36121
36123
36126
36127
36128
36138
36139
36142
36143
36146
36153
36159
36160
36162
36164
36166
36169
36171
36174
36176
36179
36180
36182
36184
36190
36195
36196
36199
36201
36202
36207
36211
36213
36219
36225
36229
36230
36234
36237
36238
36244
36249
36254
36265
36268
36274
36275
36276
36279
36280
36282
36296
36297
36303
36310
36311
36312
36314
36315
36319
36323
36327
36333
36334
36335
36336
36344
36347
36348
36352
36353
36354
36358
36361
36363
36367
36369
36370
36375
36377
36383
36384
36389
36393
36397
36398
36402
36406
36408
36410
36414
36418
36421
36425
36429
36433
36437
36439
36441
36445
36449
36450
36453
36464
36465
36468
36470
36471
36472
36478
36479
36482
36487
36491
36495
36497
36500
36501
36510
36513
36514
36515
36516
36519
36521
36524
36526
36535
36536
36538
36546
36552
36553
36554
36556
36557
36558
36559
36563
36569
36572
36573
36583
36584
36588
36589
36590
36591
36592
36593
36594
36598
36602
36605
36607
36608
36610
36613
36616
36619
36622
36623
36627
36628
36629
36630
36631
36633
36634
36636
36639
36640
36641
36642
36648
36654
36655
36660
36667
36674
36676
36679
36683
36687
36688
36689
36693
36702
36705
36706
36712
36714
36715
36717
36722
36723
36724
36725
36726
36730
36732
36733
36736
36737
36741
36748
36749
36751
36756
36760
36762
36765
36774
36780
36783
36793
36794
36801
36802
36806
36807
36809
36810
36816
36817
36820
36823
36825
36827
36831
36833
36834
36836
36838
36839
36841
36842
36844
36845
36846
36851
36860
36861
36864
36865
36867
36875
36877
36879
36881
36882
36883
36884
36892
36893
36895
36898
36899
36901
36902
36904
36906
36908
36909
36915
36923
36924
36926
36928
36931
36933
36934
36938
36939
36940
36941
36942
36943
36944
36947
36948
36953
36960
36962
36965
36967
36970
36972
36975
36976
36981
36982
36984
36985
36990
36996
36998
37000
37003
37004
37008
37014
37020
37022
37037
37040
37041
37043
37046
37047
37052
37053
37056
37058
37061
37062
37063
37066
37072
37073
37079
37081
37084
37085
37086
37088
37093
37095
37098
37107
37109
37115
37116
37118
37121
37125
37126
37128
37129
37130
37132
37135
37136
37139
37147
37148
37152
37154
37157
37160
37163
37164
37167
37169
37170
37171
37172
37173
37176
37179
37182
37183
37198
37201
37202
37205
37207
37208
37212
37218
37220
37224
37228
37230
37231
37232
37234
37238
37242
37246
37248
37250
37259
37263
37266
37267
37270
37271
37272
37276
37277
37281
37284
37285
37288
37291
37296
37299
37304
37306
37308
37309
37310
37312
37323
37326
37327
37331
37333
37334
37336
37337
37343
37346
37351
37352
37353
37356
37358
37359
37361
37363
37364
37371
37372
37374
37379
37381
37383
37384
37395
37396
37398
37410
37411
37413
37416
37417
37421
37423
37427
37429
37431
37432
37435
37436
37437
37438
37439
37441
37443
37447
37448
37455
37456
37457
37459
37463
37467
37471
37476
37488
37490
37492
37493
37498
37499
37506
37508
37518
37526
37529
37531
37536
37537
37539
37542
37543
37546
37547
37551
37554
37555
37556
37561
37564
37566
37568
37574
37589
37591
37592
37593
37595
37596
37597
37602
37604
37606
37611
37616
37621
37626
37629
37630
37636
37637
37641
37642
37643
37647
37651
37652
37653
37655
37656
37657
37658
37660
37667
37671
37672
37673
37676
37679
37680
37681
37683
37685
37688
37691
37695
37696
37705
37707
37710
37715
37716
37718
37722
37725
37726
37730
37731
37733
37734
37735
37738
37740
37742
37745
37754
37761
37769
37775
37777
37779
37782
37785
37787
37791
37792
37793
37794
37797
37799
37800
37801
37813
37823
37825
37827
37830
37831
37839
37843
37844
37845
37847
37849
37854
37860
37861
37869
37871
37872
37875
37876
37879
37882
37886
37890
37892
37903
37906
37907
37908
37911
37912
37915
37916
37917
37918
37923
37934
37935
37943
37944
37954
37956
37957
37958
37964
37967
37970
37972
37977
37978
37980
37981
37986
37990
37993
37994
37998
37999
38000
38004
38005
38006
38008
38011
38012
38013
38016
38019
38027
38029
38049
38050
38062
38066
38074
38075
38079
38084
38094
38097
38104
38107
38109
38112
38113
38114
38117
38126
38127
38129
38135
38136
38139
38147
38148
38154
38155
38157
38158
38166
38170
38172
38175
38182
38185
38187
38188
38189
38193
38194
38195
38196
38200
38203
38205
38206
38207
38211
38213
38214
38226
38227
38233
38238
38242
38245
38247
38251
38256
38258
38266
38269
38270
38273
38274
38279
38281
38283
38284
38285
38294
38300
38305
38314
38318
38324
38325
38329
38331
38333
38339
38346
38348
38349
38351
38357
38361
38362
38363
38365
38368
38369
38372
38375
38385
38387
38394
38397
38398
38399
38400
38403
38406
38408
38413
38417
38418
38420
38424
38430
38432
38433
38435
38442
38443
38447
38451
38459
38460
38465
38468
38469
38472
38473
38479
38482
38488
38489
38494
38495
38502
38503
38505
38506
38508
38512
38517
38518
38523
38525
38528
38531
38532
38533
38534
38538
38540
38543
38551
38553
38555
38556
38557
38562
38563
38564
38566
38570
38575
38577
38578
38581
38583
38584
38585
38589
38591
38593
38597
38598
38604
38606
38607
38608
38610
38613
38618
38619
38622
38623
38624
38625
38628
38631
38637
38643
38645
38647
38652
38655
38658
38661
38668
38673
38675
38676
38678
38681
38690
38691
38695
38698
38701
38702
38703
38706
38710
38715
38718
38724
38725
38729
38734
38739
38741
38744
38747
38752
38754
38755
38756
38760
38764
38766
38769
38779
38780
38783
38786
38787
38788
38789
38791
38795
38797
38800
38806
38814
38820
38823
38824
38828
38830
38832
38835
38836
38839
38845
38862
38863
38869
38872
38875
38877
38879
38886
38891
38892
38894
38897
38904
38906
38920
38921
38922
38923
38925
38926
38930
38931
38939
38942
38958
38959
38981
38982
38986
38987
38989
38991
38992
38993
38994
38999
39010
39013
39017
39018
39031
39034
39037
39038
39040
39042
39044
39048
39049
39051
39054
39061
39064
39065
39067
39072
39073
39074
39075
39076
39078
39080
39082
39084
39094
39095
39100
39102
39104
39105
39107
39109
39111
39119
39121
39125
39126
39129
39136
39141
39142
39143
39144
39146
39147
39149
39150
39155
39161
39163
39164
39168
39180
39187
39188
39189
39194
39198
39202
39204
39209
39210
39215
39219
39223
39226
39237
39242
39243
39244
39248
39255
39261
39266
39267
39268
39272
39273
39275
39277
39280
39281
39282
39285
39287
39289
39291
39294
39295
39297
39300
39302
39307
39308
39318
39324
39328
39330
39331
39335
39339
39341
39347
39349
39350
39355
39356
39358
39361
39364
39366
39367
39369
39375
39378
39380
39383
39386
39390
39393
39403
39405
39409
39412
39415
39417
39430
39432
39437
39441
39445
39446
39456
39457
39460
39463
39470
39476
39487
39488
39497
39499
39511
39515
39524
39527
39531
39533
39539
39540
39541
39543
39544
39545
39547
39550
39551
39552
39554
39556
39565
39566
39570
39571
39572
39577
39582
39588
39594
39601
39602
39604
39616
39619
39621
39628
39629
39634
39637
39639
39640
39641
39643
39644
39649
39651
39655
39656
39661
39664
39665
39667
39668
39670
39672
39674
39675
39680
39698
39700
39707
39708
39709
39710
39711
39716
39721
39730
39735
39737
39740
39741
39744
39746
39748
39749
39754
39756
39757
39760
39771
39773
39776
39782
39784
39788
39792
39793
39795
39799
39801
39805
39809
39811
39813
39816
39821
39823
39833
39834
39835
39836
39840
39842
39844
39845
39846
39849
39850
39856
39866
39867
39868
39870
39871
39874
39875
39879
39880
39885
39886
39890
39893
39903
39904
39907
39909
39914
39919
39924
39930
39931
39938
39940
39943
39946
39950
39951
39955
39965
39968
39972
39973
39978
39983
39988
39996
39998
39999
40001
40003
40005
40007
40008
40013
40016
40022
40027
40028
40032
40036
40039
40040
40041
40048
40049
40051
40053
40057
40059
40061
40062
40064
40066
40071
40072
40073
40082
40084
40085
40086
40087
40088
40092
40093
40099
40100
40102
40103
40104
40106
40110
40115
40119
40124
40125
40128
40129
40130
40132
40134
40136
40138
40142
40143
40149
40153
40154
40155
40161
40162
40163
40166
40167
40173
40176
40182
40186
40188
40190
40197
40199
40200
40203
40207
40211
40217
40222
40225
40229
40231
40236
40245
40249
40252
40253
40257
40263
40266
40271
40272
40275
40276
40278
40284
40290
40295
40302
40304
40309
40310
40314
40317
40328
40329
40330
40333
40335
40336
40337
40338
40341
40342
40350
40351
40352
40355
40357
40358
40359
40360
40362
40365
40367
40370
40372
40373
40387
40393
40396
40399
40400
40401
40403
40405
40406
40413
40416
40422
40424
40427
40429
40432
40441
40443
40444
40447
40450
40453
40454
40457
40459
40461
40475
40476
40481
40482
40486
40490
40492
40493
40496
40503
40506
40509
40512
40513
40514
40516
40518
40522
40523
40525
40527
40528
40534
40540
40541
40548
40549
40551
40554
40562
40564
40565
40568
40569
40571
40575
40576
40579
40580
40581
40587
40590
40593
40598
40608
40610
40611
40612
40619
40621
40623
40624
40629
40630
40631
40635
40645
40648
40650
40652
40657
40662
40666
40674
40676
40683
40684
40693
40698
40709
40711
40717
40718
40719
40722
40723
40727
40729
40730
40734
40735
40737
40741
40746
40748
40757
40758
40759
40760
40767
40768
40773
40784
40786
40787
40789
40791
40795
40798
40799
40802
40804
40805
40822
40823
40825
40830
40832
40838
40846
40852
40859
40860
40864
40871
40874
40878
40884
40885
40887
40889
40893
40895
40899
40900
40901
40904
40905
40906
40909
40911
40915
40921
40922
40923
40924
40928
40933
40941
40958
40961
40978
40979
40981
40986
40987
40990
40993
40996
41006
41009
41014
41017
41019
41020
41024
41027
41034
41035
41040
41041
41042
41046
41047
41052
41054
41056
41058
41060
41062
41067
41071
41080
41086
41087
41088
41089
41096
41097
41102
41104
41105
41111
41114
41124
41131
41132
41134
41135
41143
41145
41150
41155
41157
41159
41163
41170
41172
41175
41180
41182
41184
41187
41191
41195
41204
41212
41213
41220
41227
41228
41229
41230
41237
41244
41255
41261
41266
41270
41275
41276
41279
41281
41282
41286
41287
41288
41291
41292
41293
41294
41295
41298
41306
41310
41314
41315
41317
41320
41322
41323
41326
41328
41331
41332
41337
41339
41343
41345
41352
41353
41354
41356
41361
41369
41372
41375
41378
41380
41382
41384
41385
41411
41413
41415
41419
41423
41427
41436
41437
41438
41439
41440
41445
41451
41453
41454
41458
41464
41467
41468
41480
41487
41489
41493
41495
41497
41498
41499
41502
41509
41510
41513
41514
41515
41520
41522
41529
41534
41535
41537
41538
41545
41547
41548
41553
41554
41556
41557
41560
41568
41571
41575
41578
41579
41583
41587
41590
41592
41593
41594
41603
41606
41615
41616
41630
41632
41633
41634
41636
41639
41641
41642
41643
41649
41651
41652
41653
41654
41655
41658
41662
41663
41668
41681
41689
41695
41696
41700
41701
41702
41718
41720
41722
41724
41730
41742
41743
41744
41747
41748
41750
41751
41755
41760
41764
41768
41769
41774
41777
41778
41779
41784
41786
41793
41794
41795
41796
41799
41807
41808
41813
41829
41830
41836
41837
41843
41848
41849
41858
41860
41861
41863
41866
41867
41868
41870
41874
41882
41884
41888
41894
41898
41900
41902
41912
41913
41915
41920
41924
41926
41928
41929
41930
41933
41936
41944
41946
41948
41950
41951
41954
41955
41956
41959
41960
41961
41963
41968
41972
41973
41979
41984
41994
41995
41997
42000
42001
42002
42003
42004
42014
42015
42018
42020
42024
42029
42030
42037
42046
42049
42051
42052
42054
42057
42064
42069
42070
42071
42078
42080
42085
42088
42092
42099
42100
42101
42103
42105
42106
42109
42112
42116
42117
42118
42120
42123
42127
42132
42133
42136
42149
42162
42165
42168
42169
42170
42173
42174
42177
42181
42187
42188
42194
42200
42204
42205
42229
42232
42236
42237
42254
42264
42266
42272
42279
42281
42288
42295
42299
42303
42306
42326
42328
42330
42331
42332
42334
42336
42338
42339
42341
42343
42349
42350
42351
42354
42355
42358
42359
42360
42363
42364
42365
42367
42369
42370
42371
42373
42380
42382
42389
42391
42396
42400
42402
42410
42412
42414
42416
42417
42419
42422
42425
42429
42431
42436
42441
42443
42449
42451
42458
42465
42469
42471
42473
42475
42476
42482
42489
42495
42497
42498
42500
42506
42513
42514
42517
42529
42530
42531
42539
42548
42557
42559
42561
42564
42565
42579
42583
42587
42597
42598
42599
42602
42613
42615
42617
42618
42619
42629
42635
42640
42642
42643
42644
42648
42651
42653
42654
42657
42663
42664
42668
42673
42676
42678
42681
42683
42684
42685
42688
42689
42694
42695
42701
42705
42707
42711
42712
42714
42723
42727
42737
42738
42741
42744
42750
42753
42757
42760
42763
42764
42773
42776
42793
42797
42798
42802
42809
42812
42815
42821
42823
42824
42827
42833
42836
42843
42845
42849
42850
42852
42859
42866
42870
42878
42879
42880
42882
42884
42890
42897
42898
42900
42903
42909
42911
42914
42926
42929
42932
42935
42936
42938
42939
42940
42941
42942
42946
42950
42951
42953
42954
42955
42971
42974
42979
42983
42984
42988
42989
42994
42996
42997
43004
43006
43007
43009
43013
43015
43016
43019
43022
43032
43038
43039
43044
43047
43049
43057
43065
43070
43071
43072
43075
43077
43079
43082
43083
43088
43095
43098
43100
43105
43117
43120
43121
43126
43127
43130
43136
43138
43139
43141
43143
43156
43157
43161
43166
43169
43173
43175
43176
43177
43178
43179
43181
43188
43189
43190
43194
43195
43197
43204
43208
43209
43210
43215
43217
43219
43220
43224
43227
43233
43240
43244
43245
43250
43253
43254
43257
43260
43265
43267
43269
43272
43274
43278
43280
43288
43296
43299
43304
43309
43314
43318
43320
43327
43329
43334
43335
43337
43339
43342
43345
43346
43347
43348
43353
43355
43361
43365
43367
43370
43374
43375
43381
43386
43388
43390
43393
43400
43402
43407
43408
43409
43411
43413
43414
43417
43423
43424
43427
43433
43439
43441
43442
43445
43450
43454
43456
43460
43464
43465
43468
43476
43480
43486
43487
43488
43494
43499
43502
43505
43508
43510
43511
43518
43522
43527
43534
43538
43540
43545
43546
43551
43552
43559
43563
43564
43565
43569
43571
43577
43578
43582
43585
43597
43612
43613
43614
43615
43617
43618
43621
43632
43635
43638
43640
43644
43647
43649
43650
43652
43660
43662
43668
43670
43675
43684
43685
43687
43693
43697
43699
43702
43705
43709
43712
43716
43717
43719
43723
43724
43725
43727
43731
43732
43735
43736
43742
43743
43752
43761
43762
43764
43765
43770
43771
43773
43774
43782
43788
43792
43797
43804
43814
43825
43831
43832
43835
43836
43838
43844
43853
43854
43858
43860
43861
43864
43867
43871
43872
43874
43875
43876
43882
43884
43887
43889
43892
43893
43897
43900
43910
43911
43913
43920
43922
43929
43934
43938
43939
43942
43946
43949
43954
43956
43958
43959
43967
43969
43971
43979
43982
43983
43986
43992
43996
43997
43999
44001
44003
44005
44007
44015
44020
44023
44025
44026
44027
44031
44035
44036
44037
44040
44042
44045
44053
44061
44066
44078
44079
44083
44091
44095
44099
44101
44102
44103
44109
44111
44116
44119
44121
44122
44123
44125
44127
44130
44137
44139
44142
44143
44145
44147
44148
44149
44152
44154
44157
44166
44174
44175
44182
44183
44184
44185
44194
44196
44198
44199
44202
44204
44205
44208
44212
44213
44218
44219
44220
44222
44228
44232
44236
44240
44244
44245
44247
44248
44250
44255
44264
44265
44268
44272
44276
44282
44287
44289
44292
44297
44298
44329
44330
44331
44334
44337
44338
44341
44344
44350
44357
44361
44369
44370
44375
44377
44378
44382
44386
44394
44396
44397
44401
44402
44408
44410
44412
44421
44424
44425
44431
44433
44436
44444
44447
44449
44456
44457
44459
44463
44469
44473
44474
44475
44483
44484
44485
44491
44492
44494
44497
44501
44504
44509
44511
44513
44517
44519
44521
44523
44524
44526
44528
44529
44530
44534
44546
44548
44550
44564
44566
44573
44574
44575
44576
44578
44586
44587
44588
44591
44598
44600
44602
44614
44615
44616
44625
44626
44629
44639
44644
44646
44647
44648
44654
44657
44659
44662
44668
44669
44670
44674
44675
44676
44678
44679
44681
44683
44684
44697
44702
44712
44713
44717
44719
44723
44732
44733
44734
44745
44748
44754
44756
44760
44766
44767
44768
44773
44776
44777
44780
44782
44788
44791
44796
44799
44800
44808
44812
44815
44816
44819
44829
44839
44841
44844
44845
44846
44849
44850
44852
44856
44857
44859
44869
44875
44884
44889
44896
44898
44900
44903
44904
44907
44916
44917
44922
44923
44932
44933
44934
44937
44944
44950
44958
44960
44962
44963
44967
44976
44978
44984
44986
44988
44996
45003
45005
45006
45007
45010
45011
45016
45019
45021
45022
45025
45030
45032
45035
45037
45038
45040
45044
45047
45052
45057
45058
45059
45061
45066
45072
45077
45079
45083
45084
45085
45089
45091
45097
45103
45115
45118
45123
45127
45128
45130
45131
45132
45138
45140
45142
45151
45153
45156
45157
45161
45163
45165
45167
45174
45185
45188
45191
45198
45200
45202
45203
45207
45208
45209
45212
45213
45214
45217
45221
45230
45231
45236
45238
45243
45244
45247
45248
45252
45262
45263
45271
45277
45279
45286
45288
45289
45294
45300
45307
45308
45309
45310
45316
45326
45328
45329
45332
45338
45339
45343
45344
45345
45347
45349
45350
45351
45353
45361
45362
45368
45369
45371
45374
45382
45384
45388
45391
45392
45393
45395
45397
45398
45406
45415
45418
45422
45426
45427
45437
45444
45447
45453
45456
45462
45465
45469
45477
45481
45482
45489
45492
45495
45498
45499
45500
45509
45510
45522
45525
45528
45530
45537
45538
45542
45543
45544
45547
45551
45553
45557
45559
45562
45569
45573
45577
45583
45584
45586
45591
45592
45594
45599
45601
45605
45606
45607
45608
45609
45610
45617
45620
45631
45632
45639
45640
45642
45648
45649
45656
45663
45664
45666
45668
45670
45677
45684
45686
45687
45691
45693
45695
45697
45701
45711
45714
45715
45722
45725
45726
45730
45734
45735
45737
45744
45747
45750
45753
45759
45762
45773
45776
45783
45784
45785
45790
45798
45802
45811
45816
45817
45823
45826
45830
45832
45834
45838
45843
45845
45847
45850
45851
45852
45853
45863
45867
45876
45877
45879
45883
45891
45896
45899
45900
45901
45902
45904
45908
45910
45912
45918
45919
45920
45921
45922
45924
45930
45933
45938
45941
45942
45943
45944
45945
45947
45957
45964
45965
45972
45975
45982
45991
45998
46000
46001
46004
46019
46025
46032
46041
46048
46050
46054
46057
46059
46066
46069
46070
46078
46083
46095
46100
46105
46113
46129
46132
46133
46137
46138
46139
46141
46142
46146
46154
46155
46156
46161
46168
46174
46176
46177
46179
46184
46186
46187
46194
46197
46205
46206
46208
46211
46212
46216
46219
46220
46224
46227
46230
46234
46238
46244
46250
46251
46254
46259
46261
46263
46264
46270
46271
46272
46275
46277
46283
46287
46288
46291
46293
46301
46303
46305
46306
46307
46316
46318
46324
46328
46329
46335
46336
46341
46342
46345
46349
46351
46365
46366
46375
46376
46377
46383
46388
46389
46393
46398
46399
46400
46402
46408
46423
46424
46426
46427
46429
46437
46438
46439
46446
46451
46452
46453
46455
46457
46459
46462
46464
46472
46473
46474
46476
46478
46479
46481
46482
46484
46485
46490
46494
46495
46497
46505
46507
46512
46513
46517
46518
46521
46528
46535
46537
46541
46548
46552
46554
46567
46568
46570
46571
46577
46586
46589
46591
46595
46596
46597
46598
46601
46602
46611
46616
46621
46625
46629
46630
46634
46636
46638
46644
46645
46654
46656
46657
46660
46668
46670
46676
46680
46682
46690
46692
46693
46695
46696
46703
46714
46718
46719
46720
46730
46731
46734
46737
46738
46755
46757
46758
46759
46761
46767
46772
46773
46777
46780
46781
46782
46783
46785
46790
46798
46806
46810
46819
46821
46824
46826
46829
46833
46834
46838
46840
46841
46842
46847
46848
46870
46871
46872
46878
46880
46881
46882
46892
46902
46908
46913
46914
46916
46925
46928
46930
46931
46933
46936
46945
46946
46950
46954
46957
46961
46962
46966
46972
46982
46983
46988
46992
46997
47002
47004
47007
47010
47013
47019
47023
47027
47029
47032
47033
47040
47045
47051
47052
47055
47063
47064
47065
47069
47072
47077
47082
47091
47092
47095
47096
47098
47099
47103
47111
47116
47121
47124
47126
47128
47133
47134
47138
47139
47141
47143
47147
47149
47159
47163
47165
47181
47187
47193
47198
47200
47202
47203
47206
47209
47214
47216
47217
47218
47219
47221
47225
47235
47248
47254
47257
47265
47267
47272
47277
47279
47283
47285
47288
47289
47294
47298
47302
47303
47305
47308
47321
47326
47328
47338
47347
47353
47355
47358
47364
47366
47368
47371
47379
47380
47381
47383
47388
47389
47391
47396
47397
47399
47404
47405
47407
47411
47417
47419
47421
47424
47434
47435
47438
47440
47442
47444
47445
47452
47457
47459
47460
47461
47464
47471
47472
47473
47476
47479
47485
47488
47489
47493
47500
47501
47506
47514
47517
47532
47535
47540
47543
47548
47551
47553
47554
47555
47564
47567
47572
47573
47580
47587
47588
47590
47596
47601
47610
47615
47616
47622
47624
47628
47631
47633
47634
47640
47643
47645
47651
47654
47655
47667
47681
47685
47688
47690
47692
47696
47697
47699
47701
47709
47711
47712
47716
47717
47719
47721
47722
47729
47732
47733
47739
47746
47760
47764
47765
47768
47770
47772
47773
47774
47781
47784
47785
47789
47804
47806
47807
47808
47812
47820
47824
47829
47830
47836
47838
47843
47848
47849
47853
47857
47858
47861
47868
47869
47875
47876
47880
47889
47890
47892
47895
47900
47901
47902
47904
47906
47907
47910
47917
47918
47919
47925
47930
47933
47943
47944
47953
47954
47957
47962
47964
47971
47976
47977
47980
47984
47985
47989
47993
47996
47997
48002
48004
48007
48011
48015
48019
48020
48026
48028
48030
48041
48043
48048
48054
48055
48057
48062
48064
48066
48067
48072
48074
48076
48081
48083
48086
48093
48103
48110
48116
48117
48119
48122
48129
48136
48138
48142
48145
48147
48152
48158
48167
48176
48180
48181
48183
48184
48185
48199
48200
48205
48213
48215
48217
48218
48219
48222
48232
48235
48241
48245
48258
48265
48270
48275
48279
48280
48281
48282
48286
48292
48295
48296
48301
48303
48304
48310
48312
48318
48325
48326
48330
48331
48332
48340
48342
48351
48352
48354
48359
48360
48361
48366
48380
48394
48396
48397
48399
48401
48407
48409
48421
48445
48450
48455
48458
48459
48462
48475
48482
48488
48493
48497
48505
48507
48508
48524
48528
48529
48539
48549
48551
48559
48560
48564
48569
48570
48571
48572
48573
48575
48580
48585
48588
48594
48596
48601
48603
48604
48608
48611
48621
48622
48624
48625
48628
48632
48636
48637
48639
48641
48645
48647
48652
48657
48658
48659
48660
48668
48669
48671
48673
48675
48677
48684
48685
48688
48689
48700
48707
48713
48718
48723
48731
48735
48740
48751
48753
48754
48767
48772
48776
48778
48779
48784
48788
48794
48795
48796
48798
48804
48805
48806
48809
48810
48812
48819
48820
48821
48831
48841
48843
48851
48859
48862
48864
48868
48870
48872
48874
48877
48886
48890
48891
48895
48897
48905
48908
48909
48911
48913
48919
48920
48924
48928
48930
48932
48935
48939
48944
48945
48950
48955
48958
48960
48964
48971
48973
48975
48979
48983
48984
48995
49006
49007
49011
49019
49020
49023
49024
49029
49032
49034
49035
49039
49048
49054
49061
49063
49064
49068
49074
49075
49079
49085
49088
49096
49097
49107
49111
49113
49114
49120
49121
49124
49125
49126
49131
49133
49134
49141
49143
49146
49153
49157
49160
49162
49170
49172
49183
49184
49187
49189
49191
49197
49203
49204
49205
49207
49211
49219
49223
49227
49228
49231
49237
49238
49239
49241
49245
49256
49259
49264
49282
49285
49289
49290
49291
49292
49299
49300
49305
49309
49310
49312
49314
49318
49320
49324
49325
49333
49334
49337
49339
49348
49353
49355
49364
49365
49369
49376
49382
49387
49393
49398
49403
49405
49407
49409
49416
49419
49422
49430
49432
49445
49456
49465
49469
49473
49477
49485
49491
49496
49499
49504
49513
49516
49517
49523
49527
49531
49534
49535
49545
49549
49550
49552
49553
49556
49558
49560
49564
49570
49577
49578
49579
49581
49586
49600
49604
49614
49616
49617
49624
49625
49627
49629
49649
49653
49663
49664
49669
49671
49678
49681
49682
49685
49690
49693
49697
49700
49702
49703
49704
49705
49710
49713
49718
49724
49725
49733
49738
49748
49756
49761
49763
49765
49768
49769
49776
49796
49798
49801
49809
49811
49823
49825
49835
49837
49839
49850
49857
49858
49861
49863
49873
49874
49875
49876
49877
49879
49882
49889
49892
49894
49898
49899
49904
49907
49908
49912
49914
49917
49925
49927
49928
49931
49936
49940
49941
49942
49945
49948
49949
49958
49961
49963
49976
49982
49988
49991
49994
49996
49997
49999
50000
50004
50005
50009
50019
50029
50030
50032
50046
50054
50056
50057
50062
50063
50066
50067
50074
50078
50081
50089
50094
50099
50103
50110
50113
50114
50120
50123
50125
50128
50142
50143
50147
50148
50151
50155
50169
50176
50178
50186
50187
50196
50212
50215
50233
50240
50243
50244
50245
50246
50247
50248
50249
50251
50252
50261
50263
50265
50273
50274
50278
50288
50289
50292
50304
50310
50312
50317
50318
50330
50331
50333
50340
50344
50345
50346
50348
50350
50352
50358
50359
50360
50364
50371
50376
50382
50385
50388
50395
50396
50397
50398
50399
50402
50410
50414
50423
50426
50427
50445
50450
50463
50467
50470
50483
50486
50492
50504
50507
50508
50520
50523
50531
50535
50541
50543
50545
50546
50548
50555
50561
50564
50565
50570
50572
50586
50588
50600
50606
50611
50613
50622
50630
50635
50636
50637
50640
50641
50642
50651
50652
50664
50667
50687
50688
50695
50702
50703
50706
50707
50708
50712
50713
50714
50715
50716
50717
50719
50724
50725
50726
50728
50731
50732
50733
50742
50743
50751
50757
50760
50763
50767
50776
50781
50782
50785
50789
50790
50794
50799
50803
50804
50811
50812
50813
50814
50817
50820
50828
50831
50832
50838
50841
50844
50845
50850
50853
50854
50861
50866
50870
50873
50882
50885
50889
50896
50897
50900
50901
50902
50912
50919
50921
50923
50928
50932
50936
50938
50943
50944
50947
50949
50952
50958
50963
50965
50971
50974
50985
50986
50987
50991
50993
50995
51000
51006
51010
51012
51013
51017
51018
51021
51026
51031
51041
51042
51047
51058
51062
51065
51066
51067
51070
51074
51083
51086
51087
51088
51089
51091
51092
51097
51102
51103
51105
51112
51113
51116
51118
51119
51133
51139
51159
51162
51168
51177
51179
51180
51185
51187
51192
51198
51200
51201
51202
51205
51215
51216
51219
51220
51224
51230
51234
51235
51241
51249
51253
51254
51263
51269
51272
51273
51274
51275
51276
51277
51280
51285
51288
51292
51297
51302
51305
51308
51311
51317
51319
51322
51334
51338
51339
51342
51343
51344
51347
51357
51368
51372
51376
51380
51381
51387
51390
51393
51400
51401
51403
51404
51406
51407
51412
51413
51422
51425
51435
51439
51443
51448
51449
51464
51467
51468
51469
51470
51471
51474
51476
51487
51488
51491
51492
51493
51497
51499
51501
51503
51512
51513
51514
51515
51525
51527
51529
51532
51535
51541
51544
51550
51553
51555
51556
51557
51572
51574
51576
51578
51579
51581
51586
51587
51595
51598
51601
51603
51615
51624
51632
51635
51638
51642
51644
51646
51648
51657
51661
51664
51665
51671
51672
51673
51680
51688
51694
51695
51696
51697
51703
51712
51716
51723
51730
51733
51737
51748
51750
51753
51756
51762
51774
51783
51784
51785
51790
51794
51797
51800
51802
51803
51809
51812
51814
51815
51822
51824
51831
51832
51833
51834
51842
51843
51847
51851
51859
51870
51875
51876
51877
51878
51883
51884
51886
51889
51890
51891
51893
51896
51899
51901
51908
51913
51923
51929
51930
51932
51934
51944
51948
51952
51954
51958
51960
51964
51967
51969
51975
51976
51983
51989
51990
51993
51997
52000
52003
52004
52006
52011
52013
52014
52017
52021
52028
52031
52039
52042
52046
52053
52059
52061
52062
52065
52070
52072
52074
52089
52094
52097
52105
52107
52117
52123
52124
52130
52131
52141
52145
52146
52152
52166
52167
52189
52191
52193
52194
52195
52197
52202
52205
52211
52213
52214
52217
52218
52222
52223
52242
52248
52250
52256
52257
52270
52274
52275
52278
52281
52285
52287
52288
52290
52292
52295
52298
52302
52304
52309
52315
52317
52320
52322
52323
52326
52332
52336
52337
52339
52340
52341
52346
52348
52349
52354
52356
52357
52358
52371
52372
52373
52384
52390
52393
52396
52397
52401
52404
52405
52408
52411
52412
52417
52426
52434
52442
52450
52451
52456
52459
52462
52465
52471
52476
52483
52486
52487
52492
52494
52496
52502
52510
52513
52514
52515
52516
52517
52519
52525
52532
52533
52560
52562
52565
52569
52572
52573
52589
52591
52603
52608
52611
52615
52618
52620
52622
52623
52626
52634
52636
52638
52640
52642
52645
52647
52652
52653
52655
52656
52659
52661
52665
52666
52684
52696
52707
52712
52713
52718
52720
52721
52726
52730
52733
52734
52735
52736
52737
52741
52742
52754
52755
52759
52761
52772
52778
52779
52782
52783
52784
52787
52789
52790
52791
52796
52797
52820
52825
52838
52844
52846
52850
52853
52855
52856
52857
52865
52870
52877
52883
52887
52891
52901
52904
52907
52910
52915
52920
52922
52923
52931
52932
52933
52935
52938
52939
52941
52945
52946
52953
52955
52956
52958
52960
52961
52965
52966
52970
52971
52973
52975
52976
52979
52991
52992
52993
52995
53002
53004
53007
53010
53014
53016
53017
53018
53022
53023
53024
53039
53044
53045
53050
53057
53060
53063
53073
53074
53079
53083
53084
53085
53086
53092
53094
53096
53097
53101
53102
53112
53113
53114
53118
53122
53124
53125
53127
53130
53132
53140
53152
53156
53159
53163
53166
53167
53172
53173
53174
53177
53196
53207
53211
53217
53222
53228
53236
53237
53238
53239
53241
53248
53260
53264
53268
53269
53271
53277
53284
53294
53303
53309
53310
53318
53322
53324
53333
53337
53342
53345
53349
53353
53361
53377
53379
53380
53384
53388
53390
53394
53399
53402
53405
53406
53415
53427
53432
53433
53435
53439
53440
53441
53442
53454
53458
53461
53470
53475
53479
53482
53483
53490
53499
53509
53512
53523
53525
53527
53528
53530
53532
53533
53549
53557
53562
53564
53566
53577
53582
53583
53591
53596
53597
53598
53602
53611
53615
53617
53621
53636
53638
53639
53642
53645
53649
53654
53661
53663
53665
53670
53675
53679
53688
53691
53699
53701
53702
53704
53709
53731
53736
53739
53746
53749
53750
53754
53757
53759
53767
53773
53779
53782
53788
53789
53796
53810
53815
53822
53824
53825
53826
53829
53832
53834
53836
53844
53845
53851
53852
53865
53882
53886
53893
53900
53901
53915
53916
53919
53923
53924
53925
53931
53936
53938
53946
53951
53955
53959
53968
53974
53975
53977
53983
53985
53989
53990
53993
53995
54018
54029
54030
54031
54032
54033
54034
54038
54040
54044
54051
54052
54055
54058
54072
54078
54079
54084
54085
54088
54091
54093
54094
54095
54102
54109
54113
54115
54116
54117
54132
54133
54139
54140
54154
54155
54157
54159
54166
54167
54172
54173
54177
54184
54192
54193
54195
54205
54210
54218
54227
54233
54241
54243
54246
54250
54251
54253
54254
54264
54265
54266
54269
54288
54293
54294
54304
54306
54307
54313
54315
54321
54324
54328
54329
54331
54333
54338
54339
54341
54351
54356
54360
54361
54362
54369
54370
54372
54374
54376
54379
54381
54383
54386
54391
54392
54393
54397
54409
54412
54419
54430
54431
54439
54441
54444
54447
54449
54450
54453
54455
54457
54462
54466
54472
54474
54476
54481
54484
54485
54488
54503
54504
54508
54517
54518
54527
54529
54531
54533
54539
54551
54553
54554
54556
54562
54563
54565
54572
54574
54577
54585
54587
54589
54590
54592
54607
54608
54613
54616
54622
54624
54638
54641
54656
54659
54661
54667
54668
54678
54680
54686
54693
54695
54697
54699
54700
54712
54713
54714
54723
54738
54740
54747
54748
54751
54759
54765
54771
54775
54778
54781
54789
54790
54791
54794
54797
54809
54811
54814
54829
54835
54837
54838
54842
54848
54851
54853
54855
54866
54869
54874
54880
54883
54892
54907
54909
54923
54925
54931
54934
54935
54936
54953
54957
54968
54971
54978
54990
54996
55000
55002
55008
55020
55021
55025
55031
55032
55035
55046
55054
55066
55075
55078
55079
55085
55090
55092
55101
55106
55108
55110
55112
55114
55116
55117
55121
55129
55144
55150
55153
55155
55157
55158
55170
55173
55176
55180
55189
55209
55214
55221
55223
55237
55238
55249
55252
55254
55261
55267
55269
55271
55276
55278
55288
55289
55292
55293
55294
55298
55305
55307
55314
55322
55333
55339
55342
55343
55348
55349
55358
55359
55360
55361
55370
55373
55378
55387
55399
55403
55404
55408
55409
55411
55413
55419
55425
55431
55438
55440
55441
55444
55451
55457
55462
55463
55465
55466
55468
55475
55483
55492
55496
55503
55504
55512
55513
55519
55521
55523
55528
55530
55531
55537
55543
55549
55551
55553
55558
55559
55564
55566
55570
55573
55581
55588
55589
55598
55609
55611
55616
55627
55628
55630
55634
55635
55639
55640
55649
55652
55655
55657
55658
55661
55671
55681
55684
55686
55687
55688
55689
55690
55692
55693
55694
55706
55708
55709
55711
55713
55719
55721
55722
55723
55730
55739
55742
55743
55746
55755
55760
55763
55769
55771
55772
55773
55778
55786
55790
55792
55802
55804
55807
55810
55815
55820
55821
55839
55844
55852
55855
55856
55857
55862
55864
55870
55872
55877
55879
55883
55889
55897
55899
55910
55914
55917
55921
55926
55927
55931
55935
55940
55941
55943
55945
55948
55950
55955
55961
55965
55968
55977
55991
55993
55994
56002
56004
56010
56024
56028
56031
56034
56036
56039
56040
56041
56045
56053
56066
56067
56077
56084
56087
56092
56096
56103
56105
56108
56114
56121
56122
56128
56130
56133
56134
56140
56141
56142
56144
56147
56150
56155
56158
56165
56166
56172
56173
56180
56184
56193
56202
56205
56212
56218
56227
56232
56234
56242
56243
56245
56246
56248
56253
56256
56262
56270
56271
56273
56280
56292
56317
56320
56326
56327
56328
56335
56339
56343
56346
56358
56363
56368
56369
56371
56373
56374
56376
56378
56380
56385
56387
56392
56395
56415
56421
56434
56435
56437
56438
56439
56442
56446
56447
56455
56458
56459
56460
56461
56462
56483
56484
56485
56489
56495
56497
56501
56503
56506
56511
56518
56525
56532
56534
56538
56545
56546
56547
56548
56551
56552
56553
56558
56559
56571
56573
56575
56583
56593
56594
56595
56597
56606
56611
56623
56626
56631
56633
56645
56649
56650
56652
56666
56684
56686
56690
56691
56696
56697
56700
56703
56704
56707
56736
56743
56749
56761
56764
56767
56768
56771
56774
56777
56788
56791
56794
56801
56805
56808
56809
56819
56822
56832
56833
56837
56840
56856
56857
56858
56860
56866
56879
56882
56896
56898
56900
56903
56905
56911
56917
56919
56933
56934
56941
56943
56946
56947
56948
56952
56953
56957
56961
56964
56972
56974
56977
56992
56993
56997
56999
57002
57004
57019
57027
57028
57035
57042
57048
57049
57062
57068
57077
57080
57081
57086
57093
57096
57106
57110
57116
57117
57129
57139
57142
57149
57150
57151
57152
57153
57164
57167
57171
57172
57178
57181
57190
57195
57196
57201
57207
57208
57215
57216
57227
57231
57233
57235
57238
57241
57242
57246
57247
57248
57250
57255
57262
57267
57268
57273
57282
57284
57290
57291
57292
57296
57297
57308
57311
57312
57316
57324
57325
57328
57334
57336
57339
57347
57350
57354
57357
57360
57363
57369
57384
57387
57389
57393
57394
57398
57402
57405
57409
57413
57417
57418
57427
57436
57442
57463
57464
57469
57472
57475
57479
57482
57488
57491
57496
57504
57505
57513
57520
57521
57532
57533
57534
57536
57538
57545
57550
57551
57554
57559
57569
57576
57587
57589
57599
57605
57606
57609
57610
57612
57616
57617
57621
57636
57638
57650
57653
57658
57659
57692
57696
57699
57703
57707
57708
57717
57724
57725
57727
57739
57740
57753
57764
57769
57778
57785
57797
57800
57805
57806
57807
57808
57810
57820
57835
57836
57838
57844
57845
57848
57862
57863
57866
57870
57871
57874
57880
57890
57893
57898
57901
57913
57914
57918
57927
57933
57945
57949
57956
57957
57958
57964
57976
57980
57990
57991
57993
57997
58016
58028
58029
58040
58042
58044
58046
58056
58058
58066
58075
58077
58093
58095
58120
58124
58127
58130
58136
58140
58142
58143
58146
58152
58153
58158
58173
58176
58183
58188
58190
58205
58215
58235
58236
58237
58239
58247
58248
58252
58256
58257
58270
58271
58276
58278
58286
58292
58293
58297
58301
58302
58303
58305
58308
58309
58317
58327
58332
58333
58339
58345
58347
58350
58354
58360
58362
58371
58377
58379
58383
58387
58389
58392
58400
58401
58409
58410
58411
58417
58419
58420
58422
58423
58424
58437
58446
58449
58460
58470
58477
58478
58491
58502
58504
58511
58514
58533
58535
58539
58544
58548
58549
58558
58569
58571
58574
58593
58594
58606
58609
58611
58616
58617
58621
58622
58623
58626
58634
58636
58648
58650
58655
58659
58671
58690
58693
58694
58695
58701
58705
58706
58710
58715
58716
58722
58723
58724
58725
58729
58731
58737
58741
58742
58747
58751
58752
58753
58755
58759
58762
58766
58770
58778
58780
58783
58785
58793
58797
58801
58806
58815
58818
58819
58821
58824
58826
58828
58837
58839
58841
58843
58844
58845
58851
58857
58861
58867
58877
58883
58898
58901
58908
58910
58916
58917
58919
58921
58922
58923
58924
58927
58929
58932
58938
58949
58958
58977
58979
58980
58987
58988
58990
58993
59007
59012
59022
59028
59030
59042
59047
59049
59054
59055
59056
59059
59069
59074
59077
59080
59082
59087
59093
59096
59097
59106
59110
59114
59116
59138
59143
59144
59148
59152
59159
59161
59162
59167
59169
59171
59176
59177
59178
59179
59182
59184
59187
59193
59197
59198
59199
59205
59208
59210
59229
59233
59234
59240
59243
59245
59256
59273
59276
59281
59282
59284
59294
59301
59304
59307
59308
59310
59317
59320
59322
59326
59327
59328
59330
59337
59340
59341
59347
59348
59365
59373
59377
59380
59382
59408
59411
59429
59432
59436
59441
59445
59446
59451
59460
59463
59465
59469
59476
59477
59478
59479
59480
59484
59487
59493
59500
59506
59514
59519
59521
59524
59533
59541
59543
59549
59570
59571
59583
59591
59593
59597
59598
59605
59610
59612
59616
59623
59633
59641
59653
59655
59663
59669
59670
59677
59680
59684
59688
59689
59690
59700
59701
59713
59716
59718
59730
59735
59738
59739
59741
59744
59749
59753
59760
59762
59763
59764
59769
59770
59772
59774
59778
59782
59785
59786
59788
59789
59794
59799
59802
59816
59824
59826
59832
59840
59841
59846
59850
59852
59854
59860
59867
59869
59870
59879
59882
59884
59887
59894
59897
59908
59915
59916
59920
59924
59926
59933
59944
59945
59946
59963
59966
59968
59970
59973
59977
59986
59987
59988
59996
60002
60003
60004
60010
60012
60020
60025
60026
60030
60037
60039
60050
60052
60055
60059
60062
60074
60081
60087
60100
60101
60102
60106
60107
60108
60114
60138
60140
60159
60162
60170
60174
60179
60180
60182
60183
60190
60219
60234
60236
60238
60239
60244
60246
60255
60258
60265
60268
60274
60275
60280
60281
60282
60283
60285
60286
60288
60294
60296
60306
60316
60318
60323
60325
60329
60339
60343
60344
60345
60346
60352
60359
60360
60367
60370
60374
60379
60384
60397
60404
60406
60418
60420
60427
60431
60433
60434
60436
60443
60453
60456
60462
60466
60467
60471
60476
60477
60481
60484
60485
60493
60516
60517
60518
60522
60527
60528
60538
60564
60565
60568
60582
60584
60590
60592
60602
60606
60607
60608
60609
60616
60619
60625
60629
60630
60631
60640
60647
60655
60658
60662
60667
60676
60678
60681
60684
60690
60691
60698
60702
60704
60707
60710
60712
60719
60734
60735
60736
60737
60738
60743
60749
60756
60764
60776
60779
60789
60792
60794
60795
60796
60800
60804
60810
60815
60826
60832
60834
60839
60840
60845
60854
60856
60866
60871
60885
60891
60894
60897
60901
60911
60917
60919
60921
60922
60923
60931
60936
60937
60939
60946
60950
60956
60962
60968
60969
60972
60976
60977
60984
60990
60995
60996
60997
61003
61005
61010
61019
61021
61042
61060
61070
61073
61074
61076
61079
61091
61094
61097
61108
61109
61114
61116
61117
61128
61129
61145
61147
61148
61154
61160
61161
61165
61170
61171
61179
61184
61189
61190
61193
61205
61209
61212
61217
61222
61223
61226
61228
61232
61240
61243
61245
61247
61254
61255
61257
61261
61264
61265
61274
61281
61282
61284
61306
61325
61331
61335
61336
61338
61352
61356
61367
61369
61386
61387
61391
61405
61409
61413
61421
61427
61433
61435
61437
61438
61441
61442
61446
61448
61450
61453
61471
61473
61476
61477
61485
61487
61493
61494
61501
61502
61507
61509
61515
61528
61532
61533
61536
61542
61543
61544
61556
61558
61570
61574
61580
61587
61590
61594
61601
61610
61635
61637
61639
61643
61644
61646
61649
61660
61670
61671
61672
61677
61684
61685
61686
61688
61689
61691
61695
61696
61698
61709
61726
61735
61741
61743
61744
61757
61762
61764
61768
61769
61774
61782
61790
61801
61806
61811
61815
61816
61818
61829
61834
61835
61845
61857
61862
61866
61872
61875
61878
61879
61885
61890
61898
61899
61920
61921
61924
61926
61928
61932
61939
61941
61946
61950
61958
61964
61966
61970
61971
61982
61984
61987
61988
61998
61999
62002
62005
62020
62043
62046
62047
62049
62055
62056
62059
62065
62071
62073
62085
62089
62095
62096
62097
62099
62109
62111
62112
62119
62127
62130
62133
62134
62137
62138
62143
62149
62151
62158
62162
62174
62179
62183
62194
62195
62196
62197
62198
62207
62210
62214
62217
62222
62225
62236
62238
62242
62244
62247
62248
62253
62256
62259
62262
62266
62268
62284
62291
62296
62304
62306
62308
62316
62317
62325
62328
62329
62335
62356
62364
62366
62369
62381
62385
62398
62401
62404
62409
62411
62413
62414
62439
62446
62454
62463
62466
62471
62481
62491
62492
62494
62501
62514
62522
62531
62534
62537
62538
62543
62549
62553
62558
62567
62569
62577
62584
62589
62595
62600
62605
62610
62618
62620
62622
62623
62638
62640
62641
62643
62661
62667
62668
62683
62685
62686
62687
62689
62699
62700
62701
62708
62713
62717
62724
62727
62728
62737
62740
62744
62747
62748
62750
62755
62761
62762
62765
62766
62770
62771
62772
62776
62791
62792
62807
62815
62836
62837
62839
62842
62843
62861
62865
62867
62877
62898
62899
62901
62906
62910
62912
62914
62915
62919
62920
62922
62923
62930
62941
62944
62948
62959
62970
62980
62981
62984
62985
62988
62991
63001
63008
63013
63020
63021
63030
63032
63034
63037
63043
63056
63057
63069
63077
63092
63099
63104
63113
63114
63117
63118
63119
63120
63123
63125
63128
63135
63139
63145
63157
63161
63167
63170
63172
63183
63187
63192
63193
63196
63204
63208
63213
63230
63233
63237
63245
63254
63259
63261
63262
63266
63272
63276
63278
63280
63281
63282
63286
63289
63290
63303
63321
63325
63326
63330
63335
63339
63340
63343
63346
63350
63352
63358
63359
63367
63368
63379
63380
63386
63391
63393
63398
63399
63403
63415
63418
63422
63424
63428
63430
63437
63449
63464
63471
63476
63477
63478
63489
63498
63505
63514
63516
63520
63521
63544
63556
63558
63559
63561
63568
63573
63576
63577
63596
63603
63605
63606
63616
63630
63636
63649
63653
63656
63660
63661
63666
63669
63670
63673
63682
63683
63686
63687
63702
63711
63723
63726
63727
63731
63734
63736
63741
63745
63746
63749
63751
63754
63760
63764
63768
63770
63779
63781
63790
63792
63793
63795
63799
63809
63810
63815
63819
63821
63822
63824
63826
63834
63838
63845
63851
63852
63853
63866
63871
63872
63877
63878
63880
63882
63885
63887
63893
63898
63905
63906
63908
63914
63917
63927
63931
63941
63942
63943
63951
63954
63960
63961
63974
63982
63983
63985
63987
63990
63993
63999
64004
64005
64006
64009
64016
64022
64023
64029
64034
64042
64044
64045
64046
64053
64055
64057
64063
64064
64069
64070
64071
64073
64077
64085
64090
64102
64108
64111
64127
64130
64134
64135
64136
64138
64155
64164
64168
64173
64179
64203
64204
64207
64219
64226
64227
64234
64251
64255
64258
64259
64269
64272
64276
64288
64297
64298
64312
64313
64317
64318
64328
64336
64342
64346
64349
64351
64357
64358
64360
64362
64374
64380
64381
64382
64390
64401
64402
64403
64412
64416
64422
64424
64425
64430
64446
64447
64448
64455
64467
64476
64479
64485
64490
64495
64498
64504
64507
64510
64513
64522
64528
64531
64538
64543
64547
64557
64560
64561
64588
64591
64595
64604
64614
64615
64616
64618
64619
64635
64642
64673
64675
64679
64684
64688
64700
64703
64706
64707
64726
64727
64742
64743
64746
64752
64753
64763
64768
64773
64778
64804
64809
64811
64812
64813
64818
64819
64836
64838
64839
64850
64859
64867
64868
64871
64882
64883
64886
64889
64891
64892
64893
64901
64904
64910
64913
64914
64915
64918
64927
64928
64932
64951
64956
64958
64965
64968
64970
64977
64992
64998
65005
65007
65030
65035
65042
65052
65053
65057
65058
65059
65063
65065
65083
65085
65087
65088
65100
65104
65109
65119
65121
65122
65125
65131
65132
65141
65147
65150
65151
65152
65157
65164
65171
65177
65183
65184
65201
65208
65209
65210
65217
65219
65229
65234
65235
65244
65250
65252
65254
65256
65257
65264
65269
65275
65276
65279
65287
65297
65307
65312
65313
65316
65317
65319
65322
65342
65354
65363
65367
65368
65371
65373
65374
65384
65385
65389
65392
65393
65395
65396
65397
65399
65403
65406
65411
65414
65417
65423
65426
65435
65439
65444
65446
65450
65455
65459
65465
65469
65471
65476
65486
65489
65493
65495
65496
65498
65500
65507
65509
65510
65511
65513
65514
65516
65524
65526
65529
65530
65531
65532
65546
65549
65550
65560
65581
65582
65584
65585
65590
65593
65597
65604
65611
65618
65623
65630
65637
65641
65645
65646
65654
65655
65657
65659
65663
65667
65677
65684
65692
65709
65710
65711
65721
65729
65749
65759
65761
65762
65769
65771
65787
65789
65794
65801
65808
65814
65819
65822
65823
65827
65828
65833
65838
65844
65848
65861
65867
65876
65878
65882
65884
65885
65886
65890
65892
65903
65904
65905
65906
65909
65910
65916
65918
65932
65940
65941
65942
65943
65945
65961
65964
65966
65967
65971
65975
65977
65982
65994
66000
66002
66005
66007
66029
66034
66038
66052
66053
66057
66061
66068
66072
66099
66100
66116
66146
66147
66148
66153
66157
66163
66167
66169
66171
66196
66202
66203
66214
66216
66217
66218
66233
66239
66250
66254
66264
66272
66280
66282
66298
66299
66301
66306
66313
66317
66319
66320
66322
66323
66324
66325
66328
66329
66335
66336
66337
66344
66350
66365
66367
66377
66385
66386
66390
66392
66396
66406
66420
66425
66439
66440
66441
66443
66446
66454
66460
66470
66473
66476
66504
66508
66510
66519
66526
66532
66533
66535
66539
66540
66546
66555
66559
66560
66561
66563
66569
66575
66580
66582
66583
66584
66586
66588
66590
66591
66599
66605
66615
66617
66618
66631
66649
66656
66658
66667
66668
66669
66670
66671
66675
66680
66681
66683
66690
66693
66706
66708
66713
66718
66719
66729
66731
66736
66738
66739
66743
66751
66755
66756
66757
66768
66773
66775
66783
66788
66795
66798
66814
66815
66820
66822
66826
66828
66846
66848
66860
66862
66867
66869
66870
66877
66882
66885
66910
66915
66931
66959
66973
66975
66976
66979
66984
67008
67012
67039
67042
67044
67045
67048
67053
67054
67066
67070
67072
67076
67081
67083
67095
67097
67100
67113
67124
67126
67132
67133
67138
67139
67147
67156
67159
67167
67182
67185
67187
67190
67200
67205
67210
67211
67220
67234
67235
67237
67238
67257
67260
67265
67268
67269
67275
67283
67290
67292
67297
67305
67307
67315
67334
67339
67354
67360
67373
67374
67375
67383
67384
67387
67388
67399
67406
67409
67427
67433
67436
67448
67450
67463
67464
67475
67479
67491
67492
67499
67502
67504
67512
67516
67518
67528
67531
67533
67546
67550
67571
67577
67579
67582
67584
67592
67600
67601
67606
67608
67619
67630
67635
67657
67663
67667
67670
67673
67677
67678
67680
67709
67710
67724
67729
67745
67752
67757
67761
67764
67767
67775
67779
67797
67802
67807
67810
67819
67821
67822
67828
67845
67850
67857
67862
67866
67868
67871
67883
67885
67887
67892
67894
67897
67899
67901
67908
67913
67921
67923
67940
67941
67943
67944
67960
67962
67976
67981
68005
68007
68017
68019
68022
68024
68035
68037
68041
68050
68053
68055
68059
68066
68069
68073
68080
68092
68093
68099
68101
68111
68113
68118
68126
68128
68147
68159
68170
68181
68184
68194
68197
68203
68205
68211
68213
68218
68222
68226
68227
68234
68237
68251
68254
68259
68283
68290
68291
68300
68307
68309
68313
68322
68323
68327
68328
68336
68342
68346
68349
68351
68362
68369
68379
68394
68396
68403
68418
68421
68422
68429
68430
68434
68437
68445
68448
68453
68457
68458
68463
68467
68470
68476
68484
68488
68490
68502
68508
68509
68532
68546
68550
68560
68569
68574
68579
68586
68589
68615
68620
68622
68623
68632
68639
68641
68647
68648
68657
68659
68662
68670
68672
68680
68688
68689
68700
68703
68704
68707
68712
68716
68720
68723
68729
68731
68732
68740
68742
68754
68765
68769
68776
68777
68783
68786
68797
68803
68806
68812
68826
68831
68844
68852
68857
68859
68868
68870
68876
68877
68884
68888
68890
68891
68894
68903
68918
68925
68935
68946
68947
68948
68949
68957
68962
68964
68975
68978
68998
69022
69024
69050
69052
69064
69072
69078
69081
69095
69109
69112
69114
69124
69142
69192
69193
69226
69232
69239
69251
69255
69264
69265
69268
69292
69295
69297
69298
69305
69311
69330
69335
69344
69351
69354
69369
69372
69374
69388
69390
69393
69400
69402
69403
69407
69413
69417
69426
69429
69430
69438
69452
69464
69466
69480
69486
69496
69497
69501
69516
69518
69521
69526
69532
69540
69544
69547
69556
69563
69567
69569
69572
69574
69575
69578
69581
69592
69606
69615
69617
69625
69628
69631
69635
69645
69660
69661
69665
69672
69684
69685
69695
69702
69703
69720
69740
69744
69764
69765
69768
69774
69788
69798
69800
69805
69811
69824
69831
69832
69833
69843
69845
69847
69861
69865
69878
69882
69891
69892
69897
69898
69900
69905
69916
69917
69918
69919
69920
69921
69924
69937
69940
69945
69957
69966
69971
69977
69983
70001
70007
70013
70022
70027
70033
70051
70069
70075
70092
70093
70095
70097
70106
70112
70113
70122
70123
70126
70133
70137
70139
70140
70147
70150
70157
70172
70193
70203
70205
70212
70221
70224
70229
70238
70244
70246
70254
70255
70263
70266
70278
70281
70289
70290
70292
70304
70307
70309
70320
70322
70326
70328
70340
70344
70345
70349
70375
70376
70378
70381
70388
70389
70391
70402
70410
70413
70416
70419
70430
70431
70435
70443
70446
70448
70450
70454
70458
70473
70479
70485
70490
70496
70504
70505
70513
70514
70517
70522
70523
70534
70544
70546
70547
70551
70553
70554
70558
70561
70563
70573
70577
70583
70585
70594
70595
70601
70604
70611
70620
70621
70629
70630
70649
70655
70669
70676
70680
70681
70684
70688
70697
70701
70703
70704
70714
70728
70730
70735
70742
70745
70757
70765
70768
70795
70800
70804
70807
70818
70820
70821
70825
70826
70833
70841
70842
70844
70853
70855
70857
70868
70884
70885
70898
70915
70918
70920
70927
70930
70932
70938
70944
70948
70950
70953
70962
70964
70965
70975
70977
70982
70988
70996
70997
71008
71015
71018
71019
71022
71042
71046
71053
71059
71061
71062
71063
71066
71088
71090
71093
71097
71100
71101
71102
71107
71110
71118
71126
71127
71128
71133
71141
71144
71145
71147
71152
71155
71158
71159
71175
71183
71187
71188
71191
71194
71196
71201
71214
71216
71219
71238
71244
71255
71274
71280
71285
71287
71294
71296
71297
71300
71301
71304
71308
71309
71320
71335
71354
71359
71375
71380
71381
71384
71387
71399
71406
71422
71432
71433
71440
71447
71448
71452
71453
71458
71471
71481
71483
71497
71501
71511
71512
71514
71516
71528
71534
71545
71548
71552
71553
71556
71570
71571
71590
71595
71598
71601
71613
71617
71625
71627
71633
71647
71652
71653
71655
71661
71678
71679
71680
71681
71685
71694
71695
71701
71709
71710
71715
71725
71736
71741
71745
71755
71766
71778
71782
71784
71786
71790
71795
71803
71807
71816
71823
71824
71854
71862
71863
71866
71874
71875
71881
71896
71899
71903
71923
71925
71934
71939
71940
71942
71944
71946
71953
71965
72002
72008
72009
72017
72020
72022
72046
72052
72061
72067
72073
72075
72076
72098
72105
72107
72108
72110
72115
72120
72122
72138
72141
72149
72150
72162
72170
72177
72181
72182
72186
72188
72190
72198
72210
72212
72213
72218
72221
72244
72245
72253
72276
72280
72285
72286
72288
72298
72310
72314
72321
72322
72346
72350
72361
72365
72378
72381
72384
72385
72389
72390
72405
72410
72413
72414
72418
72419
72431
72434
72437
72442
72454
72464
72466
72472
72474
72485
72496
72510
72512
72518
72522
72526
72532
72567
72569
72571
72573
72579
72583
72595
72603
72604
72619
72624
72630
72632
72633
72634
72635
72637
72639
72645
72657
72670
72681
72682
72688
72691
72707
72710
72711
72717
72724
72726
72727
72729
72731
72734
72755
72777
72781
72790
72792
72796
72799
72805
72806
72833
72838
72840
72848
72851
72858
72861
72869
72870
72873
72883
72885
72906
72909
72910
72911
72916
72917
72921
72933
72938
72948
72960
72962
72965
72967
72984
72987
72996
72998
73009
73014
73029
73033
73042
73054
73058
73064
73068
73078
73081
73085
73090
73093
73096
73097
73102
73104
73114
73117
73118
73119
73120
73127
73130
73135
73158
73160
73167
73172
73173
73174
73193
73195
73197
73206
73209
73211
73226
73228
73233
73237
73250
73260
73271
73275
73276
73288
73292
73293
73294
73307
73309
73314
73318
73330
73331
73335
73341
73343
73355
73359
73360
73361
73375
73380
73391
73397
73409
73416
73421
73424
73425
73427
73445
73453
73461
73472
73477
73488
73497
73502
73504
73530
73533
73535
73541
73542
73544
73576
73589
73613
73616
73623
73624
73643
73661
73669
73681
73682
73693
73723
73738
73740
73743
73744
73745
73752
73755
73766
73777
73778
73789
73799
73809
73815
73828
73833
73840
73846
73860
73867
73872
73873
73875
73883
73892
73893
73898
73901
73906
73911
73912
73916
73930
73933
73935
73950
73951
73956
73957
73963
73965
73977
73982
73986
73998
74001
74006
74011
74037
74039
74043
74046
74047
74054
74055
74060
74063
74069
74071
74075
74089
74096
74104
74106
74107
74109
74117
74131
74133
74135
74137
74139
74140
74142
74151
74152
74153
74163
74188
74197
74202
74204
74217
74228
74250
74256
74270
74271
74272
74302
74324
74325
74330
74332
74336
74346
74361
74362
74363
74383
74385
74387
74391
74396
74399
74423
74431
74441
74464
74465
74482
74486
74487
74490
74493
74504
74515
74519
74525
74526
74543
74554
74562
74565
74568
74570
74574
74577
74581
74587
74591
74593
74598
74599
74604
74609
74614
74626
74630
74641
74645
74646
74648
74653
74654
74661
74669
74671
74686
74697
74710
74717
74718
74722
74730
74731
74734
74735
74750
74756
74757
74767
74773
74794
74801
74814
74833
74840
74843
74852
74854
74886
74897
74903
74909
74921
74922
74927
74936
74939
74958
74961
74970
74984
74988
74991
74992
74995
75005
75007
75008
75025
75027
75032
75037
75048
75051
75060
75066
75068
75098
75101
75105
75115
75124
75125
75127
75133
75136
75138
75140
75143
75150
75166
75167
75168
75185
75188
75200
75203
75206
75210
75211
75230
75232
75235
75237
75243
75257
75258
75260
75261
75267
75275
75282
75293
75297
75303
75305
75307
75317
75323
75324
75328
75329
75330
75334
75336
75352
75354
75355
75357
75361
75370
75371
75377
75415
75419
75422
75431
75441
75449
75454
75458
75461
75475
75479
75490
75495
75503
75505
75507
75509
75515
75518
75519
75520
75527
75528
75530
75541
75549
75558
75561
75566
75579
75580
75583
75585
75587
75600
75608
75611
75613
75615
75620
75626
75629
75630
75650
75652
75655
75661
75674
75682
75685
75693
75695
75700
75711
75722
75724
75725
75740
75741
75748
75751
75761
75778
75789
75804
75809
75810
75815
75820
75825
75828
75843
75848
75851
75853
75855
75865
75874
75894
75899
75900
75907
75918
75920
75921
75931
75953
75964
75969
75973
76001
76016
76035
76037
76049
76057
76058
76063
76064
76068
76077
76078
76079
76115
76123
76129
76130
76135
76147
76176
76199
76201
76203
76204
76214
76217
76223
76230
76232
76235
76270
76278
76281
76286
76292
76300
76303
76319
76321
76353
76356
76358
76359
76365
76370
76375
76381
76382
76394
76414
76420
76428
76436
76443
76458
76482
76491
76506
76520
76527
76529
76530
76531
76534
76536
76548
76561
76563
76565
76570
76582
76588
76598
76605
76606
76627
76641
76647
76658
76659
76665
76669
76674
76680
76684
76693
76696
76697
76699
76707
76714
76716
76717
76726
76729
76730
76734
76735
76736
76742
76753
76756
76768
76769
76780
76781
76786
76787
76791
76794
76803
76818
76820
76828
76830
76840
76842
76860
76862
76866
76867
76880
76882
76893
76899
76911
76915
76916
76917
76932
76939
76950
76951
76952
76954
76957
76963
76964
76967
76982
76990
76991
77004
77006
77008
77019
77026
77028
77031
77033
77036
77047
77067
77076
77081
77089
77091
77092
77106
77107
77110
77114
77117
77130
77134
77136
77142
77149
77167
77170
77173
77178
77180
77181
77183
77198
77202
77209
77216
77225
77227
77228
77245
77250
77252
77254
77255
77256
77258
77260
77263
77265
77267
77269
77278
77281
77282
77289
77292
77293
77299
77302
77309
77311
77312
77318
77320
77340
77344
77352
77353
77358
77375
77380
77391
77396
77397
77401
77402
77404
77405
77410
77413
77416
77420
77423
77432
77440
77447
77450
77456
77466
77470
77481
77493
77512
77517
77518
77526
77529
77535
77544
77552
77556
77564
77572
77573
77598
77616
77620
77626
77627
77632
77635
77645
77646
77650
77654
77660
77673
77689
77694
77719
77724
77729
77743
77756
77758
77760
77761
77773
77774
77785
77790
77791
77795
77802
77809
77810
77823
77829
77841
77850
77860
77864
77870
77874
77879
77881
77882
77884
77910
77920
77923
77924
77930
77935
77942
77943
77945
77947
77949
77952
77953
77961
77972
77974
77975
77977
77979
77985
77987
77991
78000
78008
78014
78016
78019
78025
78028
78030
78039
78041
78042
78054
78061
78069
78080
78082
78098
78111
78112
78119
78128
78143
78151
78154
78161
78166
78179
78181
78184
78185
78186
78187
78194
78196
78199
78200
78208
78209
78219
78226
78242
78246
78250
78256
78257
78263
78282
78285
78296
78300
78301
78304
78307
78312
78320
78334
78341
78349
78352
78359
78361
78366
78379
78386
78391
78400
78406
78407
78413
78417
78440
78441
78448
78465
78473
78479
78485
78489
78490
78493
78503
78515
78529
78536
78537
78539
78542
78547
78549
78560
78572
78576
78580
78583
78587
78589
78593
78595
78601
78606
78621
78631
78636
78637
78638
78643
78653
78675
78683
78684
78685
78686
78695
78699
78706
78713
78719
78725
78727
78730
78741
78751
78759
78791
78795
78809
78823
78838
78844
78847
78851
78853
78860
78865
78869
78878
78891
78893
78895
78898
78902
78913
78920
78923
78928
78929
78930
78932
78933
78937
78938
78950
78951
78956
78971
78979
78984
78999
79011
79015
79016
79018
79031
79033
79034
79050
79052
79077
79097
79098
79103
79104
79107
79114
79118
79126
79129
79139
79144
79147
79151
79159
79170
79182
79184
79193
79195
79202
79207
79210
79214
79218
79219
79221
79233
79241
79243
79251
79258
79259
79266
79272
79277
79280
79281
79285
79298
79300
79301
79302
79310
79318
79320
79324
79336
79388
79394
79395
79408
79439
79442
79457
79460
79475
79478
79484
79503
79510
79512
79527
79531
79533
79547
79557
79559
79562
79570
79577
79583
79585
79596
79597
79603
79604
79606
79610
79624
79636
79637
79657
79658
79659
79661
79665
79677
79679
79680
79690
79694
79712
79721
79725
79726
79739
79740
79751
79752
79757
79767
79774
79783
79786
79787
79789
79801
79810
79816
79830
79837
79840
79850
79852
79858
79862
79870
79872
79873
79885
79892
79898
79899
79904
79909
79913
79916
79922
79931
79940
79944
79947
79949
79954
79957
79960
79961
79970
79979
79987
80009
80021
80026
80030
80032
80037
80052
80053
80054
80055
80059
80060
80065
80086
80091
80096
80099
80100
80107
80111
80112
80115
80119
80120
80125
80138
80149
80158
80165
80190
80195
80196
80218
80224
80240
80246
80255
80268
80287
80289
80290
80291
80295
80313
80316
80321
80327
80331
80335
80345
80347
80350
80351
80353
80358
80361
80365
80390
80409
80423
80427
80431
80433
80473
80479
80481
80483
80487
80490
80500
80519
80520
80523
80534
80544
80553
80557
80558
80560
80563
80566
80570
80572
80589
80602
80613
80618
80625
80640
80646
80648
80688
80697
80702
80719
80729
80732
80736
80740
80745
80747
80760
80776
80782
80795
80801
80806
80807
80815
80822
80835
80836
80842
80858
80870
80898
80900
80901
80904
80913
80946
80964
80993
80996
81007
81012
81016
81021
81034
81042
81047
81060
81062
81066
81085
81087
81094
81099
81110
81113
81116
81119
81120
81123
81142
81146
81147
81158
81161
81167
81193
81210
81219
81233
81246
81257
81259
81263
81277
81279
81284
81296
81303
81307
81314
81340
81344
81345
81347
81350
81354
81355
81359
81367
81369
81374
81375
81380
81388
81402
81411
81414
81434
81439
81444
81446
81461
81474
81477
81480
81481
81489
81490
81495
81499
81510
81519
81522
81523
81541
81547
81549
81555
81574
81580
81582
81584
81588
81589
81601
81632
81637
81645
81646
81661
81665
81666
81705
81714
81718
81726
81760
81761
81796
81816
81827
81837
81857
81859
81869
81891
81896
81897
81930
81936
81944
81955
81960
81969
81978
81987
81989
81992
82000
82005
82007
82018
82042
82049
82058
82067
82071
82073
82092
82099
82105
82112
82115
82124
82127
82133
82140
82147
82151
82156
82160
82164
82166
82170
82175
82184
82191
82228
82236
82237
82242
82253
82260
82279
82287
82294
82295
82297
82312
82316
82349
82355
82362
82364
82382
82388
82389
82397
82418
82427
82431
82435
82440
82444
82446
82455
82457
82459
82461
82464
82466
82474
82482
82485
82496
82497
82501
82507
82513
82515
82518
82520
82531
82532
82554
82555
82558
82563
82565
82585
82590
82593
82598
82600
82602
82608
82630
82632
82637
82643
82661
82674
82681
82686
82687
82688
82697
82698
82705
82753
82756
82774
82776
82785
82795
82799
82804
82812
82816
82819
82823
82825
82830
82846
82889
82898
82915
82921
82926
82934
82938
82939
82943
82947
82952
82970
82978
82980
82984
82991
82996
83001
83004
83010
83017
83020
83032
83052
83079
83082
83083
83084
83101
83106
83110
83113
83123
83125
83160
83201
83205
83212
83226
83229
83230
83236
83237
83258
83259
83264
83268
83269
83272
83273
83274
83309
83331
83336
83352
83353
83354
83355
83359
83362
83364
83372
83374
83391
83412
83418
83421
83429
83434
83440
83443
83455
83457
83485
83486
83495
83501
83520
83521
83554
83562
83565
83566
83567
83568
83578
83592
83601
83603
83607
83608
83617
83620
83631
83632
83639
83647
83672
83673
83678
83685
83697
83702
83704
83706
83711
83714
83716
83719
83738
83750
83754
83762
83778
83790
83793
83797
83800
83803
83808
83812
83824
83832
83839
83841
83853
83854
83876
83879
83882
83885
83889
83896
83901
83902
83907
83908
83920
83929
83934
83952
83960
83967
83971
83977
83991
83992
84008
84010
84012
84027
84041
84055
84069
84071
84076
84079
84087
84101
84109
84110
84113
84120
84124
84126
84134
84135
84139
84150
84152
84163
84170
84172
84194
84199
84203
84225
84228
84239
84244
84247
84250
84271
84282
84286
84298
84310
84311
84348
84350
84357
84359
84362
84381
84387
84391
84398
84409
84418
84426
84433
84436
84448
84450
84452
84457
84464
84466
84469
84478
84481
84494
84501
84529
84532
84540
84548
84554
84571
84576
84580
84582
84589
84591
84592
84619
84630
84634
84635
84637
84642
84643
84661
84664
84686
84691
84709
84712
84717
84720
84727
84728
84736
84745
84748
84755
84766
84776
84787
84791
84796
84817
84818
84823
84828
84833
84836
84875
84878
84889
84895
84901
84905
84909
84917
84931
84934
84941
84944
84948
84949
84953
84954
84964
84969
84972
84976
85001
85004
85011
85016
85025
85027
85029
85037
85050
85061
85062
85073
85088
85116
85170
85173
85182
85186
85187
85188
85189
85210
85212
85217
85222
85232
85236
85243
85248
85252
85280
85281
85285
85305
85319
85322
85347
85354
85363
85373
85377
85381
85383
85389
85392
85404
85410
85415
85425
85437
85459
85475
85476
85491
85502
85510
85517
85527
85544
85549
85585
85597
85598
85608
85614
85615
85620
85625
85632
85636
85639
85644
85649
85657
85658
85662
85677
85690
85703
85715
85721
85723
85728
85749
85750
85759
85769
85773
85780
85783
85784
85789
85791
85792
85799
85811
85813
85821
85831
85832
85840
85842
85860
85864
85886
85892
85898
85901
85906
85915
85938
85941
85943
85945
85946
85949
85958
85964
85976
85978
85979
85982
85983
85984
85986
85991
85993
86018
86034
86035
86045
86055
86072
86074
86078
86080
86097
86108
86124
86130
86133
86143
86155
86170
86179
86186
86196
86198
86203
86207
86210
86214
86217
86229
86236
86248
86261
86265
86291
86294
86295
86297
86308
86321
86325
86335
86340
86344
86348
86354
86372
86378
86379
86380
86387
86389
86394
86403
86408
86409
86416
86436
86455
86468
86479
86491
86501
86512
86522
86523
86541
86542
86551
86560
86570
86577
86585
86598
86611
86631
86641
86653
86655
86658
86659
86665
86675
86711
86715
86716
86717
86724
86725
86731
86742
86750
86751
86764
86771
86787
86801
86811
86824
86827
86845
86849
86869
86891
86916
86918
86926
86983
86985
86995
86997
87023
87033
87051
87060
87064
87098
87106
87107
87110
87117
87129
87130
87140
87144
87152
87157
87160
87166
87171
87174
87175
87180
87203
87205
87206
87208
87214
87242
87245
87247
87250
87256
87259
87260
87272
87301
87308
87314
87324
87326
87330
87338
87342
87362
87363
87393
87410
87412
87413
87416
87417
87438
87443
87444
87447
87452
87459
87464
87465
87470
87490
87499
87506
87528
87533
87538
87539
87554
87565
87579
87593
87596
87599
87609
87640
87659
87663
87667
87672
87677
87678
87683
87686
87695
87709
87719
87725
87730
87737
87739
87749
87757
87759
87761
87775
87778
87780
87781
87792
87815
87817
87819
87825
87829
87866
87870
87871
87890
87924
87939
87959
87962
87980
87984
87986
87990
87992
87996
88003
88007
88008
88010
88013
88025
88034
88038
88043
88047
88053
88061
88073
88076
88085
88086
88090
88098
88108
88110
88130
88144
88156
88166
88183
88186
88194
88198
88202
88205
88219
88224
88232
88251
88261
88268
88279
88295
88300
88305
88331
88336
88341
88345
88348
88367
88375
88384
88385
88387
88392
88418
88423
88441
88445
88452
88456
88458
88461
88463
88477
88478
88502
88510
88512
88513
88515
88522
88528
88530
88541
88567
88579
88600
88601
88604
88629
88631
88634
88635
88637
88648
88649
88655
88664
88670
88674
88682
88694
88704
88712
88718
88725
88763
88770
88784
88790
88794
88806
88816
88818
88827
88833
88834
88858
88877
88884
88885
88888
88898
88907
88929
88932
88935
88942
88960
88965
88969
88971
88981
88982
88992
88995
89013
89015
89030
89031
89036
89052
89059
89060
89063
89066
89077
89078
89088
89092
89095
89097
89104
89112
89118
89120
89123
89124
89146
89152
89154
89161
89170
89187
89190
89207
89210
89215
89225
89235
89240
89247
89254
89257
89265
89266
89293
89305
89320
89321
89331
89336
89340
89351
89368
89370
89375
89378
89386
89413
89420
89434
89454
89456
89478
89482
89484
89493
89495
89497
89500
89504
89508
89516
89518
89531
89538
89546
89550
89554
89562
89563
89574
89578
89598
89602
89630
89633
89635
89636
89637
89647
89650
89655
89660
89681
89684
89691
89710
89724
89729
89741
89755
89759
89788
89801
89807
89832
89848
89850
89854
89862
89863
89894
89895
89897
89914
89923
89934
89936
89943
89945
89951
89958
89975
89976
89996
90002
90005
90008
90012
90017
90019
90033
90053
90054
90069
90071
90093
90101
90107
90111
90127
90128
90130
90136
90143
90146
90147
90164
90181
90198
90210
90222
90223
90237
90253
90273
90276
90288
90291
90307
90308
90340
90349
90351
90352
90358
90359
90371
90387
90390
90394
90406
90408
90411
90423
90434
90438
90446
90461
90478
90500
90502
90508
90512
90534
90552
90563
90578
90581
90594
90602
90609
90612
90614
90618
90619
90623
90625
90633
90690
90694
90713
90715
90737
90741
90744
90762
90765
90766
90781
90785
90790
90799
90804
90821
90824
90833
90843
90859
90865
90874
90881
90883
90888
90889
90897
90907
90917
90918
90923
90926
90927
90931
90940
90947
90950
90955
90966
90968
90970
90972
90980
91000
91010
91020
91027
91030
91035
91036
91040
91059
91066
91070
91071
91077
91084
91090
91092
91096
91109
91114
91137
91145
91151
91166
91173
91178
91182
91207
91210
91212
91222
91228
91250
91259
91264
91284
91285
91292
91294
91311
91312
91317
91318
91323
91332
91334
91335
91336
91345
91349
91355
91357
91360
91373
91392
91397
91399
91405
91438
91445
91456
91459
91463
91465
91469
91476
91500
91503
91509
91514
91526
91528
91543
91559
91563
91573
91574
91600
91601
91603
91634
91636
91681
91746
91750
91752
91753
91756
91761
91773
91775
91788
91817
91824
91826
91833
91840
91842
91850
91855
91870
91880
91892
91907
91911
91924
91927
91929
91938
91939
91940
91953
91954
91967
91971
91976
91978
91981
91986
92000
92007
92011
92025
92042
92048
92050
92085
92100
92111
92136
92139
92146
92165
92169
92175
92180
92184
92189
92201
92212
92217
92226
92235
92237
92248
92259
92260
92266
92274
92278
92288
92299
92305
92314
92337
92340
92361
92367
92370
92376
92381
92386
92387
92410
92413
92429
92433
92434
92456
92458
92478
92489
92494
92495
92517
92527
92531
92533
92535
92547
92564
92584
92591
92606
92607
92610
92626
92634
92637
92649
92672
92675
92698
92700
92703
92705
92706
92716
92725
92734
92743
92745
92755
92768
92775
92777
92794
92805
92823
92824
92829
92844
92845
92855
92857
92861
92869
92890
92893
92942
92943
92953
92956
92962
92963
92972
92974
92977
92982
92991
93000
93017
93021
93033
93037
93044
93067
93088
93093
93098
93113
93119
93121
93128
93132
93141
93142
93144
93148
93160
93167
93174
93180
93183
93184
93204
93230
93233
93234
93243
93260
93299
93302
93319
93321
93324
93325
93351
93352
93370
93373
93388
93393
93409
93421
93430
93433
93435
93437
93439
93445
93447
93461
93494
93504
93528
93530
93531
93534
93539
93569
93571
93572
93582
93583
93587
93602
93605
93613
93616
93619
93633
93640
93643
93655
93684
93711
93712
93720
93723
93729
93746
93750
93764
93778
93791
93796
93840
93843
93852
93857
93868
93873
93882
93893
93919
93933
93934
93959
93964
93965
93969
93974
93997
94015
94019
94025
94034
94047
94064
94067
94076
94081
94085
94090
94096
94112
94129
94140
94145
94150
94170
94182
94190
94205
94209
94211
94218
94221
94231
94234
94246
94252
94259
94262
94268
94286
94289
94308
94316
94318
94332
94338
94344
94345
94347
94368
94370
94379
94381
94385
94394
94398
94402
94408
94411
94414
94415
94455
94461
94472
94475
94485
94497
94510
94534
94535
94537
94580
94582
94586
94613
94614
94640
94644
94679
94699
94726
94762
94779
94804
94832
94834
94845
94848
94853
94854
94860
94889
94902
94904
94912
94931
94932
94938
94943
94944
94946
94950
94953
94960
94968
94988
94999
95001
95008
95012
95013
95017
95026
95028
95031
95038
95039
95048
95074
95111
95150
95156
95177
95179
95183
95205
95215
95221
95224
95235
95242
95255
95259
95260
95266
95268
95277
95278
95284
95288
95296
95301
95304
95313
95331
95349
95350
95352
95356
95371
95384
95386
95392
95396
95401
95408
95409
95413
95424
95438
95457
95464
95482
95502
95503
95507
95511
95518
95519
95521
95540
95554
95556
95559
95560
95589
95604
95616
95620
95624
95627
95629
95653
95657
95659
95662
95667
95671
95686
95688
95700
95701
95717
95718
95726
95744
95759
95761
95762
95772
95789
95793
95802
95814
95825
95826
95828
95839
95845
95849
95852
95854
95859
95860
95865
95873
95880
95887
95889
95895
95911
95917
95923
95946
95982
95983
95986
95990
95999
96003
96017
96024
96050
96053
96065
96074
96091
96094
96096
96098
96102
96125
96127
96132
96139
96147
96149
96154
96177
96183
96184
96189
96201
96232
96235
96280
96301
96342
96343
96348
96355
96365
96373
96381
96392
96407
96431
96442
96445
96452
96487
96488
96496
96526
96539
96540
96563
96566
96604
96622
96644
96672
96709
96718
96732
96746
96747
96759
96762
96789
96790
96808
96833
96841
96844
96849
96875
96878
96907
96945
96983
97016
97033
97036
97074
97118
97121
97152
97196
97226
97236
97240
97275
97322
97388
97454
97486
97487
97490
97492
97495
97529
97553
97554
97561
97595
97623
97632
97757
97883
97884
97889
97890
97894
97898
97907
97950
97989
97996
97997
98000
98041
98084
98116
98142
98145
98153
98159
98160
98236
98250
98251
98252
98257
98260
98273
98274
98281
98293
98296
98300
98340
98352
98394
98404
98415
98419
98420
98426
98457
98513
98631
98633
98640
98650
98661
98662
98674
98682
98696
98815
98817
98822
98825
98832
98854
98895
98907
98970
98996
99123
99133
99134
99151
99159
99166
99172
99225
99227
99240
99302
99439
99440
99442
99446
99448
99464
99466
99494
99524
99528
99538
99564
99586
99933
99949
99986
100036
100059
100065
100103
100107
100137
100141
100546
100601
100717
100720
100748
100867
100928
100977
101039
101184
101588
101589
101591
101594
101616
101623
101624
101665
101670
101671
101673
101675
101681
101683
101692
101721
101808
101829
101859
101925
101966
102020
102038
102107
102177
102178
102452
102685
102768
103704
103711
103721
103722
103746
103843
103852
103915
103941
103963
104033
104091
104201
104206
104259
104262
104286
104454
104676
104777
104911
104947
105077
108532
108549
108562
108598
108624
108713
108750
108829
108851
109054
109061
109179
109201
109256
109300
109372
109388
109446
109454
109500
109617
109640
109676
109688
109732
109803
109836
109865
109878
109901
109918
109938
110000
110240
110334
110460
110788
110950
110962
111002
111085
111231
111357
111397
111444
111494
111772
111903
112005
112019
112266
112453
112539
112543
112579
112659
112856
113058
113105
113526
113672
113895
114015
114291
115644
115780
116095
116211
116282
116424
116752
116912
117000
117085
119164
119721
120149
120520
120521
120860
120971
121040
121469
122144
122223
122245
122578
123047
123201
123363
123573
123675
124346
124923
125106
125502
126110
126176
127427
127565
127937
128494
128626
129494
130768
131344
133453
133499
134083
136782
137215
137546
137962
139006
139020
139090
139559
141013
142210
144188
147005
147129
147377
147608
148278
148300
148302
148305
148315
148316
148320
148322
148374
148386
148490
148505
148549
148576
148654
148703
148765
148767
148848
148888
148979
149047
149112
149175
149176
149177
149374
149469
149486
149756
149779
149984
150000
150224
150226
150516
150853
150882
151311
151339
151348
152204
152738
153061
153065
153084
154849
154858
154913
154988
156086
156334
156546
157161
157430
157486
158134
158740
158743
158752
158782
158808
158815
158830
158926
159029
159034
159089
159314
160399
161153
161340
161431
161854
162270
162987
162997
163197
165857
166397
166716
167532
167862
168579
168953
168956
168958
168959
168964
168975
168977
168981
168998
169001
169042
169054
169086
169091
169100
169133
169134
169183
169189
169246
169347
169404
169450
169577
169684
169736
169749
169753
169977
170286
170660
171270
171368
171454
171786
172065
172178
172646
172966
173025
173171
173519
174010
174548
174945
175212
176689
177198
178229
178478
180108
180436
180554
181447
181796
182531
182874
183641
183724
183849
184105
185090
185766
186252
186920
187164
187931
188928
189200
189346
189391
189406
189800
189979
190632
190731
191162
191241
191280
191624
193316
193380
193524
193699
193964
194408
194821
194864
195080
195406
195568
195604
195753
196532
197271
197597
197978
198127
198421
199169
199555
199719
200217
200377
200401
201069
202201
202495
202874
203094
203612
203684
204138
205166
206122
206251
207046
207176
207437
207862
207940
208489
208517
209011
209370
209702
209935
209963
210126
210660
210811
211342
211405
211614
211683
211952
212169
212498
214351
215332
215448
216102
216572
218781
219072
219373
219755
219758
220147
221249
221794
221810
222018
222045
222237
222436
223006
224024
224667
224847
224851
224962
225322
225654
226319
226771
227333
227704
227916
228059
228744
228753
229215
229327
229844
230620
230904
231787
232224
232371
233474
233763
234458
235181
235219
236108
236197
236200
236294
237001
237084
238310
238423
239490
240055
240245
240262
240656
241249
241387
241821
242269
243902
244330
244615
244647
244727
245083
245457
246236
246283
246586
246610
248044
248045
248046
248047
248048
248049
248050
248051
248052
248053
248054
248055
248056
248057
248058
248059
248060
248061
248062
248063
248064
248065
248066
248067
248068
248069
248070
248071
248072
248073
248074
248075
248076
